0;130;-1051.7;573.416;-837.912;1;-465.451;423.164;-318.124;1
0;131;-1051.7;573.416;-837.912;1;-464.176;423.151;-319.664;1
1;131;1090.16;-253.829;-814.506;1;617.417;17.3185;-232.254;1
0;133;-1051.7;573.416;-837.912;1;-463.993;424.124;-319.521;1
1;133;1090.16;-253.829;-814.506;1;618.401;18.2766;-231.917;1
0;134;-1051.7;573.416;-837.912;1;-464.176;423.151;-319.664;1
1;134;1090.16;-253.829;-814.506;1;617.417;17.3185;-232.254;1
0;136;-1051.7;573.416;-837.912;1;-464.176;423.151;-319.664;1
1;136;1090.16;-253.829;-814.506;1;620.149;19.2669;-230.936;1
0;137;-1051.7;573.416;-837.912;1;-464.176;423.151;-319.664;1
0;138;-1051.7;573.416;-837.912;1;-464.176;423.151;-319.664;1
0;139;-1051.7;573.416;-837.912;1;-464.176;423.151;-319.664;1
0;140;-1051.7;573.416;-837.912;1;-464.176;423.151;-319.664;1
0;141;-1051.7;573.416;-837.912;1;-464.176;423.151;-319.664;1
1;141;1090.16;-253.829;-814.506;1;620.149;19.2669;-230.936;1
0;142;-1051.7;573.416;-837.912;1;-464.176;423.151;-319.664;1
1;142;1090.16;-253.829;-814.506;1;620.913;19.299;-230.292;1
0;143;-1051.7;573.416;-837.912;1;-463.993;424.124;-319.521;1
0;144;-1051.7;573.416;-837.912;1;-464.176;423.151;-319.664;1
1;144;1090.16;-253.829;-814.506;1;620.913;19.299;-230.292;1
0;145;-1051.7;573.416;-837.912;1;-464.176;423.151;-319.664;1
0;146;-1051.7;573.416;-837.912;1;-464.176;423.151;-319.664;1
0;147;-1051.7;573.416;-837.912;1;-464.176;423.151;-319.664;1
1;147;1090.16;-253.829;-814.506;1;617.417;17.3185;-232.254;1
0;148;-1051.7;573.416;-837.912;1;-463.993;424.124;-319.521;1
0;149;-1051.7;573.416;-837.912;1;-464.176;423.151;-319.664;1
0;150;-1051.7;573.416;-837.912;1;-463.993;424.124;-319.521;1
0;151;-1051.7;573.416;-837.912;1;-464.176;423.151;-319.664;1
0;152;-1051.7;573.416;-837.912;1;-464.176;423.151;-319.664;1
1;152;1090.16;-253.829;-814.506;1;620.149;19.2669;-230.936;1
0;153;-1051.7;573.416;-837.912;1;-464.176;423.151;-319.664;1
1;153;1090.16;-253.829;-814.506;1;620.149;19.2669;-230.936;1
0;154;-1051.7;573.416;-837.912;1;-464.176;423.151;-319.664;1
0;155;-1051.7;573.416;-837.912;1;-464.176;423.151;-319.664;1
0;156;-1051.7;573.416;-837.912;1;-464.176;423.151;-319.664;1
0;157;-1051.7;573.416;-837.912;1;-465.451;423.164;-318.124;1
0;158;-1051.7;573.416;-837.912;1;-464.176;423.151;-319.664;1
1;159;1090.16;-253.829;-814.506;1;620.149;19.2669;-230.936;1
0;160;-1051.7;573.416;-837.912;1;-464.176;423.151;-319.664;1
0;162;-1051.7;573.416;-837.912;1;-464.176;423.151;-319.664;1
0;163;-1051.7;573.416;-837.912;1;-464.176;423.151;-319.664;1
0;164;-1051.7;573.416;-837.912;1;-464.176;423.151;-319.664;1
0;165;-1051.7;573.416;-837.912;1;-464.176;423.151;-319.664;1
0;166;-1051.7;573.416;-837.912;1;-464.176;423.151;-319.664;1
0;167;-1051.7;573.416;-837.912;1;-464.176;423.151;-319.664;1
0;168;-1051.7;573.416;-837.912;1;-465.451;423.164;-318.124;1
1;168;1090.16;-253.829;-814.506;1;618.621;19.2027;-232.224;1
0;169;-1051.7;573.416;-837.912;1;-464.176;423.151;-319.664;1
0;170;-1051.7;573.416;-837.912;1;-464.176;423.151;-319.664;1
0;171;-1051.7;573.416;-837.912;1;-464.176;423.151;-319.664;1
0;172;-1051.7;573.416;-837.912;1;-464.176;423.151;-319.664;1
1;172;1090.16;-253.829;-814.506;1;618.401;18.2766;-231.917;1
0;173;-1051.7;573.416;-837.912;1;-464.176;423.151;-319.664;1
0;174;-1051.7;573.416;-837.912;1;-465.451;423.164;-318.124;1
0;175;-1051.7;573.416;-837.912;1;-464.176;423.151;-319.664;1
0;176;-1051.7;573.416;-837.912;1;-464.176;423.151;-319.664;1
0;177;-1051.7;573.416;-837.912;1;-465.451;423.164;-318.124;1
0;178;-1051.7;573.416;-837.912;1;-464.176;423.151;-319.664;1
1;178;1090.16;-253.829;-814.506;1;619.385;19.2348;-231.58;1
0;179;-1051.7;573.416;-837.912;1;-464.176;423.151;-319.664;1
1;179;1090.16;-253.829;-814.506;1;618.621;19.2027;-232.224;1
0;180;-1051.7;573.416;-837.912;1;-464.176;423.151;-319.664;1
0;181;-1051.7;573.416;-837.912;1;-464.176;423.151;-319.664;1
0;182;-1051.7;573.416;-837.912;1;-464.176;423.151;-319.664;1
1;182;1090.16;-253.829;-814.506;1;620.149;19.2669;-230.936;1
0;183;-1051.7;573.416;-837.912;1;-464.176;423.151;-319.664;1
1;183;1090.16;-253.829;-814.506;1;620.149;19.2669;-230.936;1
0;184;-1051.7;573.416;-837.912;1;-464.176;423.151;-319.664;1
1;184;1090.16;-253.829;-814.506;1;618.401;18.2766;-231.917;1
0;185;-1051.7;573.416;-837.912;1;-464.176;423.151;-319.664;1
1;185;1090.16;-253.829;-814.506;1;618.621;19.2027;-232.224;1
0;186;-1051.7;573.416;-837.912;1;-464.176;423.151;-319.664;1
1;186;1090.16;-253.829;-814.506;1;619.385;19.2348;-231.58;1
0;187;-1051.7;573.416;-837.912;1;-465.451;423.164;-318.124;1
0;188;-1051.7;573.416;-837.912;1;-464.176;423.151;-319.664;1
0;189;-1051.7;573.416;-837.912;1;-464.176;423.151;-319.664;1
0;190;-1051.7;573.416;-837.912;1;-464.176;423.151;-319.664;1
0;191;-1051.7;573.416;-837.912;1;-464.176;423.151;-319.664;1
0;192;-1051.7;573.416;-837.912;1;-464.176;423.151;-319.664;1
1;192;1090.16;-253.829;-814.506;1;618.621;19.2027;-232.224;1
0;193;-1051.7;573.416;-837.912;1;-464.176;423.151;-319.664;1
1;193;1090.16;-253.829;-814.506;1;618.621;19.2027;-232.224;1
0;194;-1051.7;573.416;-837.912;1;-464.176;423.151;-319.664;1
0;195;-1051.7;573.416;-837.912;1;-464.176;423.151;-319.664;1
1;195;1090.16;-253.829;-814.506;1;618.621;19.2027;-232.224;1
0;196;-1051.7;573.416;-837.912;1;-464.176;423.151;-319.664;1
0;197;-1051.7;573.416;-837.912;1;-464.176;423.151;-319.664;1
0;198;-1051.7;573.416;-837.912;1;-464.176;423.151;-319.664;1
0;199;-1051.7;573.416;-837.912;1;-464.176;423.151;-319.664;1
0;200;-1051.7;573.416;-837.912;1;-465.451;423.164;-318.124;1
0;201;-1051.7;573.416;-837.912;1;-464.176;423.151;-319.664;1
1;201;1090.16;-253.829;-814.506;1;618.621;19.2027;-232.224;1
0;202;-1051.7;573.416;-837.912;1;-464.176;423.151;-319.664;1
0;203;-1051.7;573.416;-837.912;1;-464.176;423.151;-319.664;1
0;204;-1051.7;573.416;-837.912;1;-464.176;423.151;-319.664;1
1;204;1090.16;-253.829;-814.506;1;620.149;19.2669;-230.936;1
0;205;-1051.7;573.416;-837.912;1;-464.176;423.151;-319.664;1
1;205;1090.16;-253.829;-814.506;1;616.108;18.1803;-233.85;1
0;206;-1051.7;573.416;-837.912;1;-464.176;423.151;-319.664;1
0;207;-1051.7;573.416;-837.912;1;-464.176;423.151;-319.664;1
0;208;-1051.7;573.416;-837.912;1;-464.176;423.151;-319.664;1
1;208;1090.16;-253.829;-814.506;1;620.149;19.2669;-230.936;1
0;209;-1051.7;573.416;-837.912;1;-464.176;423.151;-319.664;1
0;210;-1051.7;573.416;-837.912;1;-464.176;423.151;-319.664;1
0;211;-1051.7;573.416;-837.912;1;-464.176;423.151;-319.664;1
0;212;-1051.7;573.416;-837.912;1;-465.451;423.164;-318.124;1
1;212;1090.16;-253.829;-814.506;1;620.149;19.2669;-230.936;1
0;213;-1051.7;573.416;-837.912;1;-464.176;423.151;-319.664;1
0;214;-1051.7;573.416;-837.912;1;-464.176;423.151;-319.664;1
0;215;-1051.7;573.416;-837.912;1;-464.176;423.151;-319.664;1
1;215;1090.16;-253.829;-814.506;1;618.621;19.2027;-232.224;1
0;216;-1051.7;573.416;-837.912;1;-464.176;423.151;-319.664;1
1;216;1090.16;-253.829;-814.506;1;619.385;19.2348;-231.58;1
0;217;-1051.7;573.416;-837.912;1;-464.176;423.151;-319.664;1
0;218;-1051.7;573.416;-837.912;1;-464.176;423.151;-319.664;1
1;218;1090.16;-253.829;-814.506;1;618.621;19.2027;-232.224;1
0;220;-1051.7;573.416;-837.912;1;-463.993;424.124;-319.521;1
0;221;-1051.7;573.416;-837.912;1;-464.176;423.151;-319.664;1
0;222;-1051.7;573.416;-837.912;1;-464.176;423.151;-319.664;1
0;223;-1051.7;573.416;-837.912;1;-463.993;424.124;-319.521;1
0;224;-1051.7;573.416;-837.912;1;-464.176;423.151;-319.664;1
1;224;1090.16;-253.829;-814.506;1;618.621;19.2027;-232.224;1
0;225;-1051.7;573.416;-837.912;1;-464.176;423.151;-319.664;1
1;225;1090.16;-253.829;-814.506;1;618.621;19.2027;-232.224;1
0;226;-1051.7;573.416;-837.912;1;-464.176;423.151;-319.664;1
1;226;1090.16;-253.829;-814.506;1;618.181;17.3506;-231.61;1
0;227;-1051.7;573.416;-837.912;1;-464.176;423.151;-319.664;1
1;227;1090.16;-253.829;-814.506;1;618.621;19.2027;-232.224;1
0;228;-1051.7;573.416;-837.912;1;-464.176;423.151;-319.664;1
0;229;-1051.7;573.416;-837.912;1;-464.176;423.151;-319.664;1
0;230;-1051.7;573.416;-837.912;1;-464.176;423.151;-319.664;1
1;230;1090.16;-253.829;-814.506;1;618.621;19.2027;-232.224;1
0;231;-1051.7;573.416;-837.912;1;-464.176;423.151;-319.664;1
1;231;1090.16;-253.829;-814.506;1;619.385;19.2348;-231.58;1
0;232;-1051.7;573.416;-837.912;1;-464.176;423.151;-319.664;1
0;233;-1051.7;573.416;-837.912;1;-463.538;423.145;-320.434;1
0;234;-1051.7;573.416;-837.912;1;-464.176;423.151;-319.664;1
0;235;-1051.7;573.416;-837.912;1;-464.176;423.151;-319.664;1
0;236;-1051.7;573.416;-837.912;1;-464.176;423.151;-319.664;1
0;237;-1051.7;573.416;-837.912;1;-465.451;423.164;-318.124;1
0;238;-1051.7;573.416;-837.912;1;-464.176;423.151;-319.664;1
0;239;-1051.7;573.416;-837.912;1;-464.176;423.151;-319.664;1
0;240;-1051.7;573.416;-837.912;1;-464.176;423.151;-319.664;1
1;240;1090.16;-253.829;-814.506;1;620.149;19.2669;-230.936;1
0;241;-1051.7;573.416;-837.912;1;-464.176;423.151;-319.664;1
1;241;1090.16;-253.829;-814.506;1;621.678;19.3311;-229.647;1
0;242;-1051.7;573.416;-837.912;1;-464.176;423.151;-319.664;1
1;242;1090.16;-253.829;-814.506;1;618.621;19.2027;-232.224;1
0;243;-1051.7;573.416;-837.912;1;-464.176;423.151;-319.664;1
0;244;-1051.7;573.416;-837.912;1;-465.451;423.164;-318.124;1
0;245;-1051.7;573.416;-837.912;1;-464.176;423.151;-319.664;1
0;246;-1051.7;573.416;-837.912;1;-464.176;423.151;-319.664;1
0;247;-1051.7;573.416;-837.912;1;-465.451;423.164;-318.124;1
1;247;1090.16;-253.829;-814.506;1;618.621;19.2027;-232.224;1
0;248;-1051.7;573.416;-837.912;1;-465.451;423.164;-318.124;1
1;248;1090.16;-253.829;-814.506;1;618.621;19.2027;-232.224;1
0;249;-1051.7;573.416;-837.912;1;-464.176;423.151;-319.664;1
1;249;1090.16;-253.829;-814.506;1;618.621;19.2027;-232.224;1
0;250;-1051.7;573.416;-837.912;1;-464.176;423.151;-319.664;1
0;251;-1051.7;573.416;-837.912;1;-464.176;423.151;-319.664;1
0;252;-1051.7;573.416;-837.912;1;-464.176;423.151;-319.664;1
1;252;1090.16;-253.829;-814.506;1;618.621;19.2027;-232.224;1
0;253;-1051.7;573.416;-837.912;1;-464.176;423.151;-319.664;1
1;253;1090.16;-253.829;-814.506;1;620.149;19.2669;-230.936;1
0;254;-1051.7;573.416;-837.912;1;-463.538;423.145;-320.434;1
0;255;-1051.7;573.416;-837.912;1;-464.176;423.151;-319.664;1
1;255;1090.16;-253.829;-814.506;1;619.929;18.3408;-230.629;1
0;256;-1051.7;573.416;-837.912;1;-463.993;424.124;-319.521;1
0;257;-1051.7;573.416;-837.912;1;-464.176;423.151;-319.664;1
1;257;1090.16;-253.829;-814.506;1;618.621;19.2027;-232.224;1
0;258;-1051.7;573.416;-837.912;1;-464.176;423.151;-319.664;1
0;259;-1051.7;573.416;-837.912;1;-464.176;423.151;-319.664;1
0;260;-1051.7;573.416;-837.912;1;-464.176;423.151;-319.664;1
0;261;-1051.7;573.416;-837.912;1;-464.176;423.151;-319.664;1
0;262;-1051.7;573.416;-837.912;1;-463.538;423.145;-320.434;1
0;263;-1051.7;573.416;-837.912;1;-464.176;423.151;-319.664;1
1;263;1090.16;-253.829;-814.506;1;619.385;19.2348;-231.58;1
0;264;-1051.7;573.416;-837.912;1;-465.451;423.164;-318.124;1
0;265;-1051.7;573.416;-837.912;1;-464.176;423.151;-319.664;1
0;266;-1051.7;573.416;-837.912;1;-464.176;423.151;-319.664;1
0;267;-1051.7;573.416;-837.912;1;-464.176;423.151;-319.664;1
0;268;-1051.7;573.416;-837.912;1;-463.538;423.145;-320.434;1
0;269;-1051.7;573.416;-837.912;1;-464.176;423.151;-319.664;1
1;269;1090.16;-253.829;-814.506;1;618.621;19.2027;-232.224;1
0;270;-1051.7;573.416;-837.912;1;-464.176;423.151;-319.664;1
1;270;1090.16;-253.829;-814.506;1;618.401;18.2766;-231.917;1
0;271;-1051.7;573.416;-837.912;1;-464.176;423.151;-319.664;1
0;272;-1051.7;573.416;-837.912;1;-463.993;424.124;-319.521;1
1;272;1090.16;-253.829;-814.506;1;618.621;19.2027;-232.224;1
0;273;-1051.7;573.416;-837.912;1;-464.176;423.151;-319.664;1
0;274;-1051.7;573.416;-837.912;1;-464.176;423.151;-319.664;1
0;275;-1051.7;573.416;-837.912;1;-464.176;423.151;-319.664;1
0;276;-1051.7;573.416;-837.912;1;-464.176;423.151;-319.664;1
1;276;1090.16;-253.829;-814.506;1;618.621;19.2027;-232.224;1
0;277;-1051.7;573.416;-837.912;1;-464.176;423.151;-319.664;1
1;277;1090.16;-253.829;-814.506;1;619.385;19.2348;-231.58;1
0;278;-1051.7;573.416;-837.912;1;-464.176;423.151;-319.664;1
1;278;1090.16;-253.829;-814.506;1;620.149;19.2669;-230.936;1
0;279;-1051.7;573.416;-837.912;1;-465.451;423.164;-318.124;1
1;279;1090.16;-253.829;-814.506;1;619.385;19.2348;-231.58;1
0;280;-1051.7;573.416;-837.912;1;-464.176;423.151;-319.664;1
0;281;-1051.7;573.416;-837.912;1;-464.176;423.151;-319.664;1
1;281;1090.16;-253.829;-814.506;1;618.621;19.2027;-232.224;1
0;282;-1051.7;573.416;-837.912;1;-464.176;423.151;-319.664;1
0;283;-1051.7;573.416;-837.912;1;-464.176;423.151;-319.664;1
0;284;-1051.7;573.416;-837.912;1;-464.176;423.151;-319.664;1
0;285;-1051.7;573.416;-837.912;1;-464.176;423.151;-319.664;1
0;286;-1051.7;573.416;-837.912;1;-464.176;423.151;-319.664;1
1;286;1090.16;-253.829;-814.506;1;618.621;19.2027;-232.224;1
0;287;-1051.7;573.416;-837.912;1;-464.176;423.151;-319.664;1
1;287;1090.16;-253.829;-814.506;1;619.385;19.2348;-231.58;1
0;288;-1051.7;573.416;-837.912;1;-465.451;423.164;-318.124;1
0;289;-1051.7;573.416;-837.912;1;-464.176;423.151;-319.664;1
1;289;1090.16;-253.829;-814.506;1;618.841;20.1287;-232.531;1
0;290;-1051.7;573.416;-837.912;1;-464.176;423.151;-319.664;1
0;291;-1051.7;573.416;-837.912;1;-464.176;423.151;-319.664;1
0;292;-1051.7;573.416;-837.912;1;-464.176;423.151;-319.664;1
1;292;1090.16;-253.829;-814.506;1;619.385;19.2348;-231.58;1
0;293;-1051.7;573.416;-837.912;1;-464.176;423.151;-319.664;1
1;293;1090.16;-253.829;-814.506;1;618.621;19.2027;-232.224;1
0;294;-1051.7;573.416;-837.912;1;-465.451;423.164;-318.124;1
0;295;-1051.7;573.416;-837.912;1;-464.176;423.151;-319.664;1
0;296;-1051.7;573.416;-837.912;1;-464.176;423.151;-319.664;1
1;296;1090.16;-253.829;-814.506;1;618.621;19.2027;-232.224;1
0;297;-1051.7;573.416;-837.912;1;-464.176;423.151;-319.664;1
0;298;-1051.7;573.416;-837.912;1;-464.176;423.151;-319.664;1
1;298;1090.16;-253.829;-814.506;1;618.621;19.2027;-232.224;1
0;299;-1051.7;573.416;-837.912;1;-464.176;423.151;-319.664;1
1;299;1090.16;-253.829;-814.506;1;618.621;19.2027;-232.224;1
0;300;-1051.7;573.416;-837.912;1;-464.176;423.151;-319.664;1
0;301;-1051.7;573.416;-837.912;1;-464.176;423.151;-319.664;1
1;301;1090.16;-253.829;-814.506;1;618.621;19.2027;-232.224;1
0;302;-1051.7;573.416;-837.912;1;-464.176;423.151;-319.664;1
1;302;1090.16;-253.829;-814.506;1;620.149;19.2669;-230.936;1
0;303;-1051.7;573.416;-837.912;1;-464.176;423.151;-319.664;1
0;304;-1051.7;573.416;-837.912;1;-463.993;424.124;-319.521;1
0;305;-1051.7;573.416;-837.912;1;-464.176;423.151;-319.664;1
1;305;1090.16;-253.829;-814.506;1;619.385;19.2348;-231.58;1
0;306;-1051.7;573.416;-837.912;1;-464.176;423.151;-319.664;1
1;306;1090.16;-253.829;-814.506;1;616.653;17.2864;-232.899;1
0;307;-1051.7;573.416;-837.912;1;-464.176;423.151;-319.664;1
1;307;1090.16;-253.829;-814.506;1;618.401;18.2766;-231.917;1
0;308;-1051.7;573.416;-837.912;1;-464.176;423.151;-319.664;1
1;308;1090.16;-253.829;-814.506;1;618.621;19.2027;-232.224;1
0;309;-1051.7;573.416;-837.912;1;-464.176;423.151;-319.664;1
0;310;-1051.7;573.416;-837.912;1;-463.538;423.145;-320.434;1
0;311;-1051.7;573.416;-837.912;1;-464.176;423.151;-319.664;1
1;311;1090.16;-253.829;-814.506;1;618.621;19.2027;-232.224;1
0;312;-1051.7;573.416;-837.912;1;-464.176;423.151;-319.664;1
1;312;1090.16;-253.829;-814.506;1;618.621;19.2027;-232.224;1
0;313;-1051.7;573.416;-837.912;1;-464.176;423.151;-319.664;1
0;314;-1051.7;573.416;-837.912;1;-464.176;423.151;-319.664;1
1;314;1090.16;-253.829;-814.506;1;618.621;19.2027;-232.224;1
0;315;-1051.7;573.416;-837.912;1;-463.993;424.124;-319.521;1
0;316;-1051.7;573.416;-837.912;1;-464.176;423.151;-319.664;1
0;317;-1051.7;573.416;-837.912;1;-464.176;423.151;-319.664;1
1;317;1090.16;-253.829;-814.506;1;618.621;19.2027;-232.224;1
0;318;-1051.7;573.416;-837.912;1;-464.176;423.151;-319.664;1
1;318;1090.16;-253.829;-814.506;1;618.621;19.2027;-232.224;1
0;319;-1051.7;573.416;-837.912;1;-464.176;423.151;-319.664;1
0;320;-1051.7;573.416;-837.912;1;-464.176;423.151;-319.664;1
0;322;-1051.7;573.416;-837.912;1;-464.176;423.151;-319.664;1
1;322;1090.16;-253.829;-814.506;1;618.621;19.2027;-232.224;1
0;323;-1051.7;573.416;-837.912;1;-465.451;423.164;-318.124;1
0;324;-1051.7;573.416;-837.912;1;-464.176;423.151;-319.664;1
0;325;-1051.7;573.416;-837.912;1;-464.176;423.151;-319.664;1
1;325;1090.16;-253.829;-814.506;1;618.621;19.2027;-232.224;1
0;326;-1051.7;573.416;-837.912;1;-464.176;423.151;-319.664;1
1;326;1090.16;-253.829;-814.506;1;618.621;19.2027;-232.224;1
0;328;-1051.7;573.416;-837.912;1;-464.176;423.151;-319.664;1
0;329;-1051.7;573.416;-837.912;1;-464.176;423.151;-319.664;1
1;329;1090.16;-253.829;-814.506;1;618.621;19.2027;-232.224;1
0;330;-1051.7;573.416;-837.912;1;-464.176;423.151;-319.664;1
1;330;1090.16;-253.829;-814.506;1;619.385;19.2348;-231.58;1
0;331;-1051.7;573.416;-837.912;1;-464.176;423.151;-319.664;1
1;331;1090.16;-253.829;-814.506;1;618.621;19.2027;-232.224;1
0;332;-1051.7;573.416;-837.912;1;-464.176;423.151;-319.664;1
1;332;1090.16;-253.829;-814.506;1;619.165;18.3087;-231.273;1
0;333;-1051.7;573.416;-837.912;1;-464.176;423.151;-319.664;1
0;334;-1051.7;573.416;-837.912;1;-464.176;423.151;-319.664;1
0;335;-1051.7;573.416;-837.912;1;-464.176;423.151;-319.664;1
0;336;-1051.7;573.416;-837.912;1;-464.176;423.151;-319.664;1
0;337;-1051.7;573.416;-837.912;1;-464.176;423.151;-319.664;1
0;338;-1051.7;573.416;-837.912;1;-464.176;423.151;-319.664;1
0;339;-1051.7;573.416;-837.912;1;-464.176;423.151;-319.664;1
0;340;-1051.7;573.416;-837.912;1;-464.176;423.151;-319.664;1
1;340;1090.16;-253.829;-814.506;1;619.385;19.2348;-231.58;1
0;341;-1051.7;573.416;-837.912;1;-464.176;423.151;-319.664;1
0;342;-1051.7;573.416;-837.912;1;-464.176;423.151;-319.664;1
1;342;1090.16;-253.829;-814.506;1;618.401;18.2766;-231.917;1
0;343;-1051.7;573.416;-837.912;1;-464.176;423.151;-319.664;1
0;344;-1051.7;573.416;-837.912;1;-465.451;423.164;-318.124;1
0;345;-1051.7;573.416;-837.912;1;-464.176;423.151;-319.664;1
0;346;-1051.7;573.416;-837.912;1;-464.176;423.151;-319.664;1
0;347;-1051.7;573.416;-837.912;1;-464.176;423.151;-319.664;1
0;348;-1051.7;573.416;-837.912;1;-464.176;423.151;-319.664;1
1;348;1090.16;-253.829;-814.506;1;618.621;19.2027;-232.224;1
0;349;-1051.7;573.416;-837.912;1;-463.993;424.124;-319.521;1
1;349;1090.16;-253.829;-814.506;1;619.385;19.2348;-231.58;1
0;350;-1051.7;573.416;-837.912;1;-464.176;423.151;-319.664;1
1;350;1090.16;-253.829;-814.506;1;619.385;19.2348;-231.58;1
0;351;-1051.7;573.416;-837.912;1;-465.451;423.164;-318.124;1
0;352;-1051.7;573.416;-837.912;1;-464.176;423.151;-319.664;1
0;353;-1051.7;573.416;-837.912;1;-464.176;423.151;-319.664;1
0;354;-1051.7;573.416;-837.912;1;-463.993;424.124;-319.521;1
1;354;1090.16;-253.829;-814.506;1;618.621;19.2027;-232.224;1
0;355;-1051.7;573.416;-837.912;1;-464.176;423.151;-319.664;1
1;355;1090.16;-253.829;-814.506;1;618.621;19.2027;-232.224;1
0;356;-1051.7;573.416;-837.912;1;-465.451;423.164;-318.124;1
0;357;-1051.7;573.416;-837.912;1;-465.451;423.164;-318.124;1
1;357;1090.16;-253.829;-814.506;1;618.621;19.2027;-232.224;1
0;358;-1051.7;573.416;-837.912;1;-464.176;423.151;-319.664;1
1;358;1090.16;-253.829;-814.506;1;618.401;18.2766;-231.917;1
0;359;-1051.7;573.416;-837.912;1;-464.176;423.151;-319.664;1
0;360;-1051.7;573.416;-837.912;1;-464.176;423.151;-319.664;1
1;360;1090.16;-253.829;-814.506;1;618.621;19.2027;-232.224;1
0;361;-1051.7;573.416;-837.912;1;-464.176;423.151;-319.664;1
0;362;-1051.7;573.416;-837.912;1;-464.176;423.151;-319.664;1
1;362;1090.16;-253.829;-814.506;1;619.385;19.2348;-231.58;1
0;363;-1051.7;573.416;-837.912;1;-464.176;423.151;-319.664;1
0;364;-1051.7;573.416;-837.912;1;-464.176;423.151;-319.664;1
0;366;-1051.7;573.416;-837.912;1;-464.176;423.151;-319.664;1
0;367;-1051.7;573.416;-837.912;1;-464.176;423.151;-319.664;1
1;367;1090.16;-253.829;-814.506;1;619.385;19.2348;-231.58;1
0;368;-1051.7;573.416;-837.912;1;-464.176;423.151;-319.664;1
1;368;1090.16;-253.829;-814.506;1;618.621;19.2027;-232.224;1
0;369;-1051.7;573.416;-837.912;1;-464.176;423.151;-319.664;1
0;370;-1051.7;573.416;-837.912;1;-464.176;423.151;-319.664;1
0;371;-1051.7;573.416;-837.912;1;-465.451;423.164;-318.124;1
1;371;1090.16;-253.829;-814.506;1;618.621;19.2027;-232.224;1
0;372;-1051.7;573.416;-837.912;1;-464.176;423.151;-319.664;1
1;372;1090.16;-253.829;-814.506;1;618.621;19.2027;-232.224;1
0;374;-1051.7;573.416;-837.912;1;-464.176;423.151;-319.664;1
0;375;-1051.7;573.416;-837.912;1;-464.176;423.151;-319.664;1
1;375;1090.16;-253.829;-814.506;1;618.621;19.2027;-232.224;1
0;376;-1051.7;573.416;-837.912;1;-464.176;423.151;-319.664;1
1;376;1090.16;-253.829;-814.506;1;619.385;19.2348;-231.58;1
0;377;-1051.7;573.416;-837.912;1;-464.176;423.151;-319.664;1
1;377;1090.16;-253.829;-814.506;1;619.385;19.2348;-231.58;1
0;378;-1051.7;573.416;-837.912;1;-464.176;423.151;-319.664;1
0;379;-1051.7;573.416;-837.912;1;-464.176;423.151;-319.664;1
1;379;1090.16;-253.829;-814.506;1;618.621;19.2027;-232.224;1
0;380;-1051.7;573.416;-837.912;1;-464.176;423.151;-319.664;1
1;380;1090.16;-253.829;-814.506;1;618.621;19.2027;-232.224;1
0;381;-1051.7;573.416;-837.912;1;-464.176;423.151;-319.664;1
1;381;1090.16;-253.829;-814.506;1;618.621;19.2027;-232.224;1
0;382;-1051.7;573.416;-837.912;1;-464.176;423.151;-319.664;1
1;382;1090.16;-253.829;-814.506;1;619.385;19.2348;-231.58;1
0;383;-1051.7;573.416;-837.912;1;-464.176;423.151;-319.664;1
1;383;1090.16;-253.829;-814.506;1;618.621;19.2027;-232.224;1
1;384;1090.16;-253.829;-814.506;1;619.385;19.2348;-231.58;1
0;386;-1051.7;573.416;-837.912;1;-464.176;423.151;-319.664;1
1;386;1090.16;-253.829;-814.506;1;618.621;19.2027;-232.224;1
0;387;-1051.7;573.416;-837.912;1;-464.176;423.151;-319.664;1
0;388;-1051.7;573.416;-837.912;1;-464.176;423.151;-319.664;1
0;389;-1051.7;573.416;-837.912;1;-464.176;423.151;-319.664;1
1;389;1090.16;-253.829;-814.506;1;617.857;19.1705;-232.868;1
0;390;-1051.7;573.416;-837.912;1;-465.634;422.191;-318.267;1
0;391;-1051.7;573.416;-837.912;1;-464.541;421.206;-319.951;1
0;392;-1051.7;573.416;-837.912;1;-465.817;421.218;-318.411;1
1;392;1090.16;-253.829;-814.506;1;613.271;18.9779;-236.733;1
0;393;-1051.7;573.416;-837.912;1;-464.541;421.206;-319.951;1
0;394;-1051.7;573.416;-837.912;1;-466;420.246;-318.554;1
1;394;1090.16;-253.829;-814.506;1;607.922;18.7532;-241.242;1
0;395;-1051.7;573.416;-837.912;1;-466;420.246;-318.554;1
0;396;-1051.7;573.416;-837.912;1;-465.362;420.239;-319.324;1
0;397;-1051.7;573.416;-837.912;1;-465.545;419.267;-319.467;1
0;398;-1051.7;573.416;-837.912;1;-465.727;418.294;-319.611;1
1;398;1090.16;-253.829;-814.506;1;595.15;19.1334;-252.5;1
0;399;-1051.7;573.416;-837.912;1;-466.365;418.3;-318.841;1
0;400;-1051.7;573.416;-837.912;1;-466.093;416.349;-319.898;1
0;401;-1051.7;573.416;-837.912;1;-466.731;416.355;-319.127;1
0;402;-1051.7;573.416;-837.912;1;-466.731;416.355;-319.127;1
0;403;-1051.7;573.416;-837.912;1;-467.096;414.41;-319.414;1
0;404;-1051.7;573.416;-837.912;1;-468.372;414.422;-317.874;1
0;405;-1051.7;573.416;-837.912;1;-467.734;414.416;-318.644;1
0;406;-1051.7;573.416;-837.912;1;-469.74;410.538;-317.677;1
0;407;-1051.7;573.416;-837.912;1;-469.74;410.538;-317.677;1
0;408;-1051.7;573.416;-837.912;1;-469.923;409.565;-317.82;1
0;409;-1051.7;573.416;-837.912;1;-469.102;410.532;-318.447;1
0;410;-1051.7;573.416;-837.912;1;-469.468;408.586;-318.734;1
0;411;-1051.7;573.416;-837.912;1;-470.106;408.593;-317.964;1
0;412;-1051.7;573.416;-837.912;1;-470.288;407.62;-318.107;1
0;413;-1051.7;573.416;-837.912;1;-470.471;406.647;-318.25;1
0;414;-1051.7;573.416;-837.912;1;-469.378;405.662;-319.934;1
0;415;-1051.7;573.416;-837.912;1;-470.837;404.702;-318.537;1
0;416;-1051.7;573.416;-837.912;1;-472.295;403.742;-317.14;1
0;417;-1051.7;573.416;-837.912;1;-471.657;403.736;-317.91;1
0;418;-1051.7;573.416;-837.912;1;-472.023;401.79;-318.197;1
0;419;-1051.7;573.416;-837.912;1;-472.66;401.797;-317.427;1
0;420;-1051.7;573.416;-837.912;1;-472.843;400.824;-317.57;1
0;421;-1051.7;573.416;-837.912;1;-473.208;398.879;-317.857;1
0;422;-1051.7;573.416;-837.912;1;-474.484;398.891;-316.317;1
0;423;-1051.7;573.416;-837.912;1;-474.212;396.94;-317.374;1
0;424;-1051.7;573.416;-837.912;1;-474.029;397.912;-317.23;1
0;425;-1051.7;573.416;-837.912;1;-474.212;396.94;-317.374;1
0;426;-1051.7;573.416;-837.912;1;-474.394;395.967;-317.517;1
0;428;-1051.7;573.416;-837.912;1;-475.398;394.028;-317.034;1
0;429;-1051.7;573.416;-837.912;1;-475.763;392.083;-317.32;1
0;430;-1051.7;573.416;-837.912;1;-476.218;393.062;-316.407;1
0;431;-1051.7;573.416;-837.912;1;-476.401;392.089;-316.55;1
1;431;1090.16;-253.829;-814.506;1;478.561;18.8191;-353.237;1
0;432;-1051.7;573.416;-837.912;1;-476.584;391.116;-316.693;1
0;433;-1051.7;573.416;-837.912;1;-476.584;391.116;-316.693;1
0;434;-1051.7;573.416;-837.912;1;-477.132;388.198;-317.124;1
0;435;-1051.7;573.416;-837.912;1;-476.949;389.171;-316.98;1
0;436;-1051.7;573.416;-837.912;1;-478.59;387.238;-315.727;1
0;437;-1051.7;573.416;-837.912;1;-477.952;387.232;-316.497;1
0;438;-1051.7;573.416;-837.912;1;-478.59;387.238;-315.727;1
0;439;-1051.7;573.416;-837.912;1;-478.956;385.293;-316.013;1
0;440;-1051.7;573.416;-837.912;1;-478.956;385.293;-316.013;1
0;441;-1051.7;573.416;-837.912;1;-478.956;385.293;-316.013;1
0;442;-1051.7;573.416;-837.912;1;-479.321;383.348;-316.3;1
0;443;-1051.7;573.416;-837.912;1;-479.504;382.375;-316.443;1
0;444;-1051.7;573.416;-837.912;1;-480.779;382.388;-314.903;1
1;444;1090.16;-253.829;-814.506;1;447.773;16.6088;-378.697;1
0;445;-1051.7;573.416;-837.912;1;-480.141;382.381;-315.673;1
0;446;-1051.7;573.416;-837.912;1;-479.686;381.402;-316.587;1
0;447;-1051.7;573.416;-837.912;1;-480.324;381.409;-315.817;1
0;448;-1051.7;573.416;-837.912;1;-480.507;380.436;-315.96;1
0;449;-1051.7;573.416;-837.912;1;-481.782;380.449;-314.419;1
0;450;-1051.7;573.416;-837.912;1;-481.782;380.449;-314.419;1
0;451;-1051.7;573.416;-837.912;1;-481.782;380.449;-314.419;1
0;452;-1051.7;573.416;-837.912;1;-481.782;380.449;-314.419;1
0;453;-1051.7;573.416;-837.912;1;-481.782;380.449;-314.419;1
0;454;-1051.7;573.416;-837.912;1;-481.782;380.449;-314.419;1
0;455;-1051.7;573.416;-837.912;1;-481.782;380.449;-314.419;1
0;456;-1051.7;573.416;-837.912;1;-480.507;380.436;-315.96;1
0;457;-1051.7;573.416;-837.912;1;-481.782;380.449;-314.419;1
0;458;-1051.7;573.416;-837.912;1;-481.782;380.449;-314.419;1
0;459;-1051.7;573.416;-837.912;1;-481.782;380.449;-314.419;1
0;460;-1051.7;573.416;-837.912;1;-481.782;380.449;-314.419;1
0;461;-1051.7;573.416;-837.912;1;-481.782;380.449;-314.419;1
0;462;-1051.7;573.416;-837.912;1;-481.782;380.449;-314.419;1
0;463;-1051.7;573.416;-837.912;1;-480.507;380.436;-315.96;1
0;464;-1051.7;573.416;-837.912;1;-481.782;380.449;-314.419;1
0;465;-1051.7;573.416;-837.912;1;-481.782;380.449;-314.419;1
0;466;-1051.7;573.416;-837.912;1;-481.782;380.449;-314.419;1
0;467;-1051.7;573.416;-837.912;1;-481.965;379.476;-314.563;1
0;468;-1051.7;573.416;-837.912;1;-481.782;380.449;-314.419;1
0;469;-1051.7;573.416;-837.912;1;-481.782;380.449;-314.419;1
0;470;-1051.7;573.416;-837.912;1;-481.782;380.449;-314.419;1
0;471;-1051.7;573.416;-837.912;1;-481.782;380.449;-314.419;1
0;472;-1051.7;573.416;-837.912;1;-481.782;380.449;-314.419;1
0;473;-1051.7;573.416;-837.912;1;-481.782;380.449;-314.419;1
0;474;-1051.7;573.416;-837.912;1;-481.782;380.449;-314.419;1
0;475;-1051.7;573.416;-837.912;1;-481.782;380.449;-314.419;1
0;476;-1051.7;573.416;-837.912;1;-481.782;380.449;-314.419;1
0;477;-1051.7;573.416;-837.912;1;-481.782;380.449;-314.419;1
0;478;-1051.7;573.416;-837.912;1;-480.507;380.436;-315.96;1
0;479;-1051.7;573.416;-837.912;1;-481.782;380.449;-314.419;1
1;479;1090.16;-253.829;-814.506;1;442.099;18.204;-384.465;1
0;480;-1051.7;573.416;-837.912;1;-481.782;380.449;-314.419;1
0;481;-1051.7;573.416;-837.912;1;-481.782;380.449;-314.419;1
0;482;-1051.7;573.416;-837.912;1;-481.782;380.449;-314.419;1
0;483;-1051.7;573.416;-837.912;1;-481.782;380.449;-314.419;1
0;484;-1051.7;573.416;-837.912;1;-481.782;380.449;-314.419;1
0;485;-1051.7;573.416;-837.912;1;-481.782;380.449;-314.419;1
0;486;-1051.7;573.416;-837.912;1;-481.782;380.449;-314.419;1
0;487;-1051.7;573.416;-837.912;1;-480.507;380.436;-315.96;1
0;488;-1051.7;573.416;-837.912;1;-481.782;380.449;-314.419;1
0;489;-1051.7;573.416;-837.912;1;-481.782;380.449;-314.419;1
0;490;-1051.7;573.416;-837.912;1;-481.782;380.449;-314.419;1
0;491;-1051.7;573.416;-837.912;1;-481.782;380.449;-314.419;1
0;492;-1051.7;573.416;-837.912;1;-481.782;380.449;-314.419;1
0;493;-1051.7;573.416;-837.912;1;-481.782;380.449;-314.419;1
1;493;1090.16;-253.829;-814.506;1;440.895;16.3198;-384.495;1
0;494;-1051.7;573.416;-837.912;1;-481.782;380.449;-314.419;1
0;495;-1051.7;573.416;-837.912;1;-480.507;380.436;-315.96;1
0;496;-1051.7;573.416;-837.912;1;-480.507;380.436;-315.96;1
0;497;-1051.7;573.416;-837.912;1;-481.782;380.449;-314.419;1
1;497;1090.16;-253.829;-814.506;1;443.847;19.1942;-383.483;1
0;498;-1051.7;573.416;-837.912;1;-481.782;380.449;-314.419;1
0;499;-1051.7;573.416;-837.912;1;-481.782;380.449;-314.419;1
0;500;-1051.7;573.416;-837.912;1;-481.782;380.449;-314.419;1
0;501;-1051.7;573.416;-837.912;1;-481.782;380.449;-314.419;1
0;502;-1051.7;573.416;-837.912;1;-481.782;380.449;-314.419;1
0;503;-1051.7;573.416;-837.912;1;-481.782;380.449;-314.419;1
0;504;-1051.7;573.416;-837.912;1;-481.782;380.449;-314.419;1
0;505;-1051.7;573.416;-837.912;1;-481.782;380.449;-314.419;1
0;506;-1051.7;573.416;-837.912;1;-481.782;380.449;-314.419;1
0;507;-1051.7;573.416;-837.912;1;-481.782;380.449;-314.419;1
0;508;-1051.7;573.416;-837.912;1;-481.965;379.476;-314.563;1
1;508;1090.16;-253.829;-814.506;1;442.099;18.204;-384.465;1
0;509;-1051.7;573.416;-837.912;1;-481.782;380.449;-314.419;1
0;510;-1051.7;573.416;-837.912;1;-481.782;380.449;-314.419;1
0;511;-1051.7;573.416;-837.912;1;-480.69;379.463;-316.103;1
0;512;-1051.7;573.416;-837.912;1;-481.782;380.449;-314.419;1
1;512;1090.16;-253.829;-814.506;1;442.644;17.3101;-383.513;1
0;513;-1051.7;573.416;-837.912;1;-481.782;380.449;-314.419;1
0;514;-1051.7;573.416;-837.912;1;-480.507;380.436;-315.96;1
0;515;-1051.7;573.416;-837.912;1;-481.965;379.476;-314.563;1
0;516;-1051.7;573.416;-837.912;1;-481.782;380.449;-314.419;1
0;517;-1051.7;573.416;-837.912;1;-480.507;380.436;-315.96;1
0;518;-1051.7;573.416;-837.912;1;-481.782;380.449;-314.419;1
0;519;-1051.7;573.416;-837.912;1;-481.782;380.449;-314.419;1
0;520;-1051.7;573.416;-837.912;1;-480.507;380.436;-315.96;1
0;521;-1051.7;573.416;-837.912;1;-481.782;380.449;-314.419;1
0;522;-1051.7;573.416;-837.912;1;-481.782;380.449;-314.419;1
0;523;-1051.7;573.416;-837.912;1;-481.782;380.449;-314.419;1
0;524;-1051.7;573.416;-837.912;1;-480.507;380.436;-315.96;1
0;525;-1051.7;573.416;-837.912;1;-480.507;380.436;-315.96;1
0;526;-1051.7;573.416;-837.912;1;-480.507;380.436;-315.96;1
0;527;-1051.7;573.416;-837.912;1;-480.507;380.436;-315.96;1
0;528;-1051.7;573.416;-837.912;1;-481.782;380.449;-314.419;1
0;529;-1051.7;573.416;-837.912;1;-480.507;380.436;-315.96;1
0;530;-1051.7;573.416;-837.912;1;-481.782;380.449;-314.419;1
0;531;-1051.7;573.416;-837.912;1;-481.782;380.449;-314.419;1
0;532;-1051.7;573.416;-837.912;1;-480.507;380.436;-315.96;1
0;534;-1051.7;573.416;-837.912;1;-480.507;380.436;-315.96;1
0;535;-1051.7;573.416;-837.912;1;-480.507;380.436;-315.96;1
0;536;-1051.7;573.416;-837.912;1;-481.782;380.449;-314.419;1
0;537;-1051.7;573.416;-837.912;1;-481.782;380.449;-314.419;1
0;538;-1051.7;573.416;-837.912;1;-481.782;380.449;-314.419;1
0;539;-1051.7;573.416;-837.912;1;-481.782;380.449;-314.419;1
0;540;-1051.7;573.416;-837.912;1;-481.782;380.449;-314.419;1
0;541;-1051.7;573.416;-837.912;1;-481.6;381.421;-314.276;1
0;542;-1051.7;573.416;-837.912;1;-481.6;381.421;-314.276;1
1;542;1090.16;-253.829;-814.506;1;444.067;20.1203;-383.79;1
0;543;-1051.7;573.416;-837.912;1;-481.234;383.367;-313.989;1
0;544;-1051.7;573.416;-837.912;1;-480.869;385.312;-313.703;1
0;545;-1051.7;573.416;-837.912;1;-480.503;387.257;-313.416;1
1;545;1090.16;-253.829;-814.506;1;445.491;22.9304;-384.066;1
0;546;-1051.7;573.416;-837.912;1;-480.138;389.203;-313.129;1
1;546;1090.16;-253.829;-814.506;1;446.15;25.7085;-384.987;1
0;547;-1051.7;573.416;-837.912;1;-478.952;392.114;-313.469;1
0;548;-1051.7;573.416;-837.912;1;-478.404;395.032;-313.039;1
1;548;1090.16;-253.829;-814.506;1;448.013;30.3707;-385.877;1
0;549;-1051.7;573.416;-837.912;1;-477.673;398.923;-312.466;1
0;550;-1051.7;573.416;-837.912;1;-476.942;402.813;-311.892;1
0;551;-1051.7;573.416;-837.912;1;-476.028;407.677;-311.175;1
0;552;-1051.7;573.416;-837.912;1;-475.663;409.622;-310.889;1
0;553;-1051.7;573.416;-837.912;1;-474.384;416.431;-309.885;1
1;553;1090.16;-253.829;-814.506;1;452.074;44.2931;-389.837;1
0;554;-1051.7;573.416;-837.912;1;-473.653;420.321;-309.312;1
1;554;1090.16;-253.829;-814.506;1;453.717;48.0293;-390.42;1
0;555;-1051.7;573.416;-837.912;1;-472.922;424.212;-308.738;1
0;556;-1051.7;573.416;-837.912;1;-471.367;435.89;-306.247;1
0;557;-1051.7;573.416;-837.912;1;-471.367;435.89;-306.247;1
0;558;-1051.7;573.416;-837.912;1;-470.088;442.699;-305.244;1
0;559;-1051.7;573.416;-837.912;1;-469.174;447.562;-304.527;1
0;560;-1051.7;573.416;-837.912;1;-468.078;453.398;-303.667;1
0;561;-1051.7;573.416;-837.912;1;-466.982;459.234;-302.807;1
0;562;-1051.7;573.416;-837.912;1;-465.703;466.042;-301.803;1
0;563;-1051.7;573.416;-837.912;1;-465.244;471.884;-300.173;1
0;564;-1051.7;573.416;-837.912;1;-464.148;477.72;-299.312;1
0;565;-1051.7;573.416;-837.912;1;-463.234;482.584;-298.596;1
0;566;-1051.7;573.416;-837.912;1;-462.503;486.474;-298.022;1
0;567;-1051.7;573.416;-837.912;1;-461.407;492.31;-297.162;1
0;568;-1051.7;573.416;-837.912;1;-461.314;496.207;-295.818;1
0;569;-1051.7;573.416;-837.912;1;-460.583;500.098;-295.245;1
0;570;-1051.7;573.416;-837.912;1;-460.034;503.016;-294.815;1
0;571;-1051.7;573.416;-837.912;1;-459.669;504.961;-294.528;1
0;572;-1051.7;573.416;-837.912;1;-460.945;504.974;-292.987;1
0;573;-1051.7;573.416;-837.912;1;-460.214;508.864;-292.414;1
0;574;-1051.7;573.416;-837.912;1;-460.214;508.864;-292.414;1
0;575;-1051.7;573.416;-837.912;1;-458.938;508.852;-293.954;1
0;576;-1051.7;573.416;-837.912;1;-460.852;508.87;-291.644;1
0;577;-1051.7;573.416;-837.912;1;-458.938;508.852;-293.954;1
0;578;-1051.7;573.416;-837.912;1;-460.214;508.864;-292.414;1
0;579;-1051.7;573.416;-837.912;1;-458.755;509.824;-293.811;1
0;580;-1051.7;573.416;-837.912;1;-458.938;508.852;-293.954;1
0;581;-1051.7;573.416;-837.912;1;-460.214;508.864;-292.414;1
0;582;-1051.7;573.416;-837.912;1;-460.214;508.864;-292.414;1
0;583;-1051.7;573.416;-837.912;1;-458.938;508.852;-293.954;1
0;584;-1051.7;573.416;-837.912;1;-460.214;508.864;-292.414;1
0;585;-1051.7;573.416;-837.912;1;-458.938;508.852;-293.954;1
0;586;-1051.7;573.416;-837.912;1;-460.214;508.864;-292.414;1
0;587;-1051.7;573.416;-837.912;1;-460.214;508.864;-292.414;1
0;588;-1051.7;573.416;-837.912;1;-458.938;508.852;-293.954;1
0;589;-1051.7;573.416;-837.912;1;-458.938;508.852;-293.954;1
0;590;-1051.7;573.416;-837.912;1;-460.396;507.892;-292.557;1
0;591;-1051.7;573.416;-837.912;1;-460.214;508.864;-292.414;1
0;592;-1051.7;573.416;-837.912;1;-458.938;508.852;-293.954;1
0;593;-1051.7;573.416;-837.912;1;-460.214;508.864;-292.414;1
0;594;-1051.7;573.416;-837.912;1;-460.214;508.864;-292.414;1
0;595;-1051.7;573.416;-837.912;1;-458.938;508.852;-293.954;1
0;596;-1051.7;573.416;-837.912;1;-460.214;508.864;-292.414;1
0;597;-1051.7;573.416;-837.912;1;-458.938;508.852;-293.954;1
0;598;-1051.7;573.416;-837.912;1;-458.938;508.852;-293.954;1
0;599;-1051.7;573.416;-837.912;1;-458.938;508.852;-293.954;1
0;600;-1051.7;573.416;-837.912;1;-458.938;508.852;-293.954;1
0;601;-1051.7;573.416;-837.912;1;-458.938;508.852;-293.954;1
0;602;-1051.7;573.416;-837.912;1;-458.938;508.852;-293.954;1
0;603;-1051.7;573.416;-837.912;1;-458.938;508.852;-293.954;1
0;604;-1051.7;573.416;-837.912;1;-458.938;508.852;-293.954;1
0;605;-1051.7;573.416;-837.912;1;-458.938;508.852;-293.954;1
0;606;-1051.7;573.416;-837.912;1;-458.938;508.852;-293.954;1
0;607;-1051.7;573.416;-837.912;1;-458.938;508.852;-293.954;1
0;608;-1051.7;573.416;-837.912;1;-458.938;508.852;-293.954;1
0;609;-1051.7;573.416;-837.912;1;-458.938;508.852;-293.954;1
0;610;-1051.7;573.416;-837.912;1;-458.938;508.852;-293.954;1
0;611;-1051.7;573.416;-837.912;1;-458.938;508.852;-293.954;1
0;612;-1051.7;573.416;-837.912;1;-458.938;508.852;-293.954;1
0;613;-1051.7;573.416;-837.912;1;-460.214;508.864;-292.414;1
0;614;-1051.7;573.416;-837.912;1;-458.938;508.852;-293.954;1
0;615;-1051.7;573.416;-837.912;1;-460.214;508.864;-292.414;1
0;616;-1051.7;573.416;-837.912;1;-458.938;508.852;-293.954;1
0;617;-1051.7;573.416;-837.912;1;-460.214;508.864;-292.414;1
0;618;-1051.7;573.416;-837.912;1;-458.938;508.852;-293.954;1
0;619;-1051.7;573.416;-837.912;1;-460.579;506.919;-292.701;1
0;620;-1051.7;573.416;-837.912;1;-459.304;506.906;-294.241;1
0;621;-1051.7;573.416;-837.912;1;-458.938;508.852;-293.954;1
0;622;-1051.7;573.416;-837.912;1;-460.214;508.864;-292.414;1
0;623;-1051.7;573.416;-837.912;1;-459.304;506.906;-294.241;1
0;624;-1051.7;573.416;-837.912;1;-458.938;508.852;-293.954;1
0;625;-1051.7;573.416;-837.912;1;-460.214;508.864;-292.414;1
0;626;-1051.7;573.416;-837.912;1;-460.214;508.864;-292.414;1
0;627;-1051.7;573.416;-837.912;1;-458.938;508.852;-293.954;1
0;628;-1051.7;573.416;-837.912;1;-458.938;508.852;-293.954;1
0;629;-1051.7;573.416;-837.912;1;-460.214;508.864;-292.414;1
0;630;-1051.7;573.416;-837.912;1;-458.938;508.852;-293.954;1
0;631;-1051.7;573.416;-837.912;1;-458.938;508.852;-293.954;1
0;632;-1051.7;573.416;-837.912;1;-458.755;509.824;-293.811;1
0;633;-1051.7;573.416;-837.912;1;-458.938;508.852;-293.954;1
0;634;-1051.7;573.416;-837.912;1;-458.938;508.852;-293.954;1
0;635;-1051.7;573.416;-837.912;1;-458.938;508.852;-293.954;1
0;636;-1051.7;573.416;-837.912;1;-458.938;508.852;-293.954;1
0;637;-1051.7;573.416;-837.912;1;-458.938;508.852;-293.954;1
0;638;-1051.7;573.416;-837.912;1;-458.938;508.852;-293.954;1
0;639;-1051.7;573.416;-837.912;1;-458.938;508.852;-293.954;1
0;640;-1051.7;573.416;-837.912;1;-460.214;508.864;-292.414;1
0;641;-1051.7;573.416;-837.912;1;-458.938;508.852;-293.954;1
0;642;-1051.7;573.416;-837.912;1;-458.938;508.852;-293.954;1
0;643;-1051.7;573.416;-837.912;1;-460.214;508.864;-292.414;1
0;644;-1051.7;573.416;-837.912;1;-458.938;508.852;-293.954;1
0;645;-1051.7;573.416;-837.912;1;-458.938;508.852;-293.954;1
0;646;-1051.7;573.416;-837.912;1;-460.214;508.864;-292.414;1
0;647;-1051.7;573.416;-837.912;1;-459.121;507.879;-294.098;1
0;648;-1051.7;573.416;-837.912;1;-458.938;508.852;-293.954;1
0;649;-1051.7;573.416;-837.912;1;-458.938;508.852;-293.954;1
0;650;-1051.7;573.416;-837.912;1;-458.938;508.852;-293.954;1
0;651;-1051.7;573.416;-837.912;1;-458.938;508.852;-293.954;1
0;652;-1051.7;573.416;-837.912;1;-460.214;508.864;-292.414;1
0;653;-1051.7;573.416;-837.912;1;-458.938;508.852;-293.954;1
0;654;-1051.7;573.416;-837.912;1;-458.938;508.852;-293.954;1
0;655;-1051.7;573.416;-837.912;1;-458.938;508.852;-293.954;1
0;656;-1051.7;573.416;-837.912;1;-460.214;508.864;-292.414;1
0;657;-1051.7;573.416;-837.912;1;-458.938;508.852;-293.954;1
0;658;-1051.7;573.416;-837.912;1;-458.938;508.852;-293.954;1
0;659;-1051.7;573.416;-837.912;1;-458.938;508.852;-293.954;1
0;660;-1051.7;573.416;-837.912;1;-458.938;508.852;-293.954;1
0;661;-1051.7;573.416;-837.912;1;-458.938;508.852;-293.954;1
0;662;-1051.7;573.416;-837.912;1;-458.938;508.852;-293.954;1
0;663;-1051.7;573.416;-837.912;1;-458.938;508.852;-293.954;1
0;664;-1051.7;573.416;-837.912;1;-458.3;508.845;-294.725;1
0;665;-1051.7;573.416;-837.912;1;-457.845;507.866;-295.638;1
0;666;-1051.7;573.416;-837.912;1;-457.025;508.833;-296.265;1
0;667;-1051.7;573.416;-837.912;1;-456.387;508.826;-297.035;1
0;668;-1051.7;573.416;-837.912;1;-456.387;508.826;-297.035;1
0;669;-1051.7;573.416;-837.912;1;-454.656;507.835;-299.489;1
0;670;-1051.7;573.416;-837.912;1;-452.378;509.761;-301.513;1
0;671;-1051.7;573.416;-837.912;1;-451.102;509.749;-303.053;1
0;672;-1051.7;573.416;-837.912;1;-449.189;509.73;-305.364;1
0;673;-1051.7;573.416;-837.912;1;-447.275;509.711;-307.675;1
0;674;-1051.7;573.416;-837.912;1;-444.724;509.686;-310.755;1
0;675;-1051.7;573.416;-837.912;1;-441.99;510.633;-313.693;1
0;676;-1051.7;573.416;-837.912;1;-439.439;510.608;-316.774;1
0;677;-1051.7;573.416;-837.912;1;-436.25;510.577;-320.625;1
0;678;-1051.7;573.416;-837.912;1;-433.517;511.524;-323.562;1
0;679;-1051.7;573.416;-837.912;1;-430.328;511.493;-327.413;1
0;680;-1051.7;573.416;-837.912;1;-427.139;511.461;-331.264;1
0;681;-1051.7;573.416;-837.912;1;-423.95;511.43;-335.115;1
0;682;-1051.7;573.416;-837.912;1;-421.216;512.377;-338.052;1
0;683;-1051.7;573.416;-837.912;1;-416.752;512.333;-343.444;1
0;684;-1051.7;573.416;-837.912;1;-413.38;513.275;-347.151;1
0;685;-1051.7;573.416;-837.912;1;-410.191;513.243;-351.002;1
0;686;-1051.7;573.416;-837.912;1;-406.365;513.206;-355.623;1
0;687;-1051.7;573.416;-837.912;1;-404.451;513.187;-357.934;1
1;687;1090.16;-253.829;-814.506;1;539.23;140.55;-366.078;1
0;688;-1051.7;573.416;-837.912;1;-401.08;514.128;-361.642;1
1;688;1090.16;-253.829;-814.506;1;541.742;141.573;-364.452;1
0;689;-1051.7;573.416;-837.912;1;-396.615;514.084;-367.033;1
1;689;1090.16;-253.829;-814.506;1;550.703;147.45;-359.852;1
1;690;1090.16;-253.829;-814.506;1;554.963;149.462;-357.245;1
1;691;1090.16;-253.829;-814.506;1;557.476;150.485;-355.619;1
1;692;1090.16;-253.829;-814.506;1;565.233;154.478;-351.049;1
0;693;-1051.7;573.416;-837.912;1;-386.866;514.962;-378.443;1
1;693;1090.16;-253.829;-814.506;1;566.981;155.468;-350.068;1
1;694;1090.16;-253.829;-814.506;1;569.493;156.49;-348.442;1
1;695;1090.16;-253.829;-814.506;1;572.226;158.439;-347.123;1
0;696;-1051.7;573.416;-837.912;1;-381.581;515.884;-384.461;1
1;696;1090.16;-253.829;-814.506;1;574.958;160.387;-345.804;1
0;697;-1051.7;573.416;-837.912;1;-379.213;514.887;-387.685;1
1;697;1090.16;-253.829;-814.506;1;577.47;161.409;-344.179;1
1;698;1090.16;-253.829;-814.506;1;580.747;162.464;-341.909;1
1;699;1090.16;-253.829;-814.506;1;580.966;163.39;-342.216;1
1;700;1090.16;-253.829;-814.506;1;580.966;163.39;-342.216;1
1;701;1090.16;-253.829;-814.506;1;580.966;163.39;-342.216;1
0;702;-1051.7;573.416;-837.912;1;-377.754;515.847;-389.082;1
1;702;1090.16;-253.829;-814.506;1;580.747;162.464;-341.909;1
1;703;1090.16;-253.829;-814.506;1;580.966;163.39;-342.216;1
0;704;-1051.7;573.416;-837.912;1;-377.937;514.874;-389.225;1
1;704;1090.16;-253.829;-814.506;1;580.966;163.39;-342.216;1
1;705;1090.16;-253.829;-814.506;1;580.966;163.39;-342.216;1
1;706;1090.16;-253.829;-814.506;1;581.511;162.496;-341.265;1
1;707;1090.16;-253.829;-814.506;1;581.511;162.496;-341.265;1
0;708;-1051.7;573.416;-837.912;1;-377.937;514.874;-389.225;1
1;708;1090.16;-253.829;-814.506;1;580.966;163.39;-342.216;1
1;709;1090.16;-253.829;-814.506;1;580.966;163.39;-342.216;1
1;710;1090.16;-253.829;-814.506;1;581.731;163.422;-341.572;1
0;711;-1051.7;573.416;-837.912;1;-377.937;514.874;-389.225;1
1;711;1090.16;-253.829;-814.506;1;580.966;163.39;-342.216;1
1;712;1090.16;-253.829;-814.506;1;580.966;163.39;-342.216;1
1;713;1090.16;-253.829;-814.506;1;580.747;162.464;-341.909;1
0;714;-1051.7;573.416;-837.912;1;-379.213;514.887;-387.685;1
1;714;1090.16;-253.829;-814.506;1;578.999;161.474;-342.89;1
0;716;-1051.7;573.416;-837.912;1;-376.479;515.834;-390.622;1
1;716;1090.16;-253.829;-814.506;1;580.747;162.464;-341.909;1
0;717;-1051.7;573.416;-837.912;1;-376.661;514.862;-390.766;1
1;717;1090.16;-253.829;-814.506;1;580.747;162.464;-341.909;1
1;718;1090.16;-253.829;-814.506;1;580.966;163.39;-342.216;1
1;719;1090.16;-253.829;-814.506;1;580.747;162.464;-341.909;1
1;720;1090.16;-253.829;-814.506;1;580.966;163.39;-342.216;1
1;721;1090.16;-253.829;-814.506;1;580.966;163.39;-342.216;1
1;722;1090.16;-253.829;-814.506;1;580.966;163.39;-342.216;1
0;723;-1051.7;573.416;-837.912;1;-377.937;514.874;-389.225;1
1;723;1090.16;-253.829;-814.506;1;580.747;162.464;-341.909;1
1;724;1090.16;-253.829;-814.506;1;580.747;162.464;-341.909;1
1;725;1090.16;-253.829;-814.506;1;580.966;163.39;-342.216;1
1;726;1090.16;-253.829;-814.506;1;580.747;162.464;-341.909;1
0;727;-1051.7;573.416;-837.912;1;-379.03;515.859;-387.542;1
1;727;1090.16;-253.829;-814.506;1;580.966;163.39;-342.216;1
1;728;1090.16;-253.829;-814.506;1;580.966;163.39;-342.216;1
0;729;-1051.7;573.416;-837.912;1;-379.03;515.859;-387.542;1
1;729;1090.16;-253.829;-814.506;1;580.966;163.39;-342.216;1
0;730;-1051.7;573.416;-837.912;1;-379.03;515.859;-387.542;1
1;730;1090.16;-253.829;-814.506;1;580.966;163.39;-342.216;1
1;731;1090.16;-253.829;-814.506;1;580.966;163.39;-342.216;1
1;732;1090.16;-253.829;-814.506;1;580.966;163.39;-342.216;1
0;733;-1051.7;573.416;-837.912;1;-376.661;514.862;-390.766;1
1;733;1090.16;-253.829;-814.506;1;579.763;161.506;-342.246;1
1;734;1090.16;-253.829;-814.506;1;580.966;163.39;-342.216;1
0;735;-1051.7;573.416;-837.912;1;-377.937;514.874;-389.225;1
1;735;1090.16;-253.829;-814.506;1;580.966;163.39;-342.216;1
0;736;-1051.7;573.416;-837.912;1;-377.937;514.874;-389.225;1
1;736;1090.16;-253.829;-814.506;1;580.966;163.39;-342.216;1
1;737;1090.16;-253.829;-814.506;1;580.966;163.39;-342.216;1
1;738;1090.16;-253.829;-814.506;1;578.999;161.474;-342.89;1
1;739;1090.16;-253.829;-814.506;1;580.966;163.39;-342.216;1
1;740;1090.16;-253.829;-814.506;1;580.966;163.39;-342.216;1
1;741;1090.16;-253.829;-814.506;1;580.966;163.39;-342.216;1
0;742;-1051.7;573.416;-837.912;1;-377.937;514.874;-389.225;1
1;742;1090.16;-253.829;-814.506;1;581.511;162.496;-341.265;1
1;743;1090.16;-253.829;-814.506;1;580.966;163.39;-342.216;1
0;744;-1051.7;573.416;-837.912;1;-376.661;514.862;-390.766;1
1;744;1090.16;-253.829;-814.506;1;580.747;162.464;-341.909;1
1;745;1090.16;-253.829;-814.506;1;578.999;161.474;-342.89;1
1;746;1090.16;-253.829;-814.506;1;578.999;161.474;-342.89;1
1;747;1090.16;-253.829;-814.506;1;580.747;162.464;-341.909;1
0;748;-1051.7;573.416;-837.912;1;-379.213;514.887;-387.685;1
1;748;1090.16;-253.829;-814.506;1;580.966;163.39;-342.216;1
1;749;1090.16;-253.829;-814.506;1;580.966;163.39;-342.216;1
1;750;1090.16;-253.829;-814.506;1;580.966;163.39;-342.216;1
1;751;1090.16;-253.829;-814.506;1;580.966;163.39;-342.216;1
1;752;1090.16;-253.829;-814.506;1;580.747;162.464;-341.909;1
1;753;1090.16;-253.829;-814.506;1;580.966;163.39;-342.216;1
0;754;-1051.7;573.416;-837.912;1;-377.937;514.874;-389.225;1
1;754;1090.16;-253.829;-814.506;1;580.747;162.464;-341.909;1
0;755;-1051.7;573.416;-837.912;1;-376.661;514.862;-390.766;1
1;755;1090.16;-253.829;-814.506;1;580.966;163.39;-342.216;1
1;756;1090.16;-253.829;-814.506;1;580.966;163.39;-342.216;1
0;757;-1051.7;573.416;-837.912;1;-379.213;514.887;-387.685;1
1;757;1090.16;-253.829;-814.506;1;580.966;163.39;-342.216;1
1;758;1090.16;-253.829;-814.506;1;580.966;163.39;-342.216;1
1;759;1090.16;-253.829;-814.506;1;580.966;163.39;-342.216;1
0;760;-1051.7;573.416;-837.912;1;-379.213;514.887;-387.685;1
1;760;1090.16;-253.829;-814.506;1;583.259;163.486;-340.283;1
1;761;1090.16;-253.829;-814.506;1;580.966;163.39;-342.216;1
1;762;1090.16;-253.829;-814.506;1;580.966;163.39;-342.216;1
0;763;-1051.7;573.416;-837.912;1;-379.03;515.859;-387.542;1
1;763;1090.16;-253.829;-814.506;1;580.966;163.39;-342.216;1
1;764;1090.16;-253.829;-814.506;1;580.966;163.39;-342.216;1
1;765;1090.16;-253.829;-814.506;1;580.966;163.39;-342.216;1
1;766;1090.16;-253.829;-814.506;1;580.966;163.39;-342.216;1
1;767;1090.16;-253.829;-814.506;1;580.966;163.39;-342.216;1
0;768;-1051.7;573.416;-837.912;1;-377.754;515.847;-389.082;1
1;768;1090.16;-253.829;-814.506;1;580.747;162.464;-341.909;1
0;769;-1051.7;573.416;-837.912;1;-379.213;514.887;-387.685;1
1;769;1090.16;-253.829;-814.506;1;581.731;163.422;-341.572;1
1;770;1090.16;-253.829;-814.506;1;580.966;163.39;-342.216;1
0;771;-1051.7;573.416;-837.912;1;-376.661;514.862;-390.766;1
1;771;1090.16;-253.829;-814.506;1;580.966;163.39;-342.216;1
0;772;-1051.7;573.416;-837.912;1;-377.937;514.874;-389.225;1
1;772;1090.16;-253.829;-814.506;1;580.966;163.39;-342.216;1
1;773;1090.16;-253.829;-814.506;1;580.966;163.39;-342.216;1
1;774;1090.16;-253.829;-814.506;1;580.966;163.39;-342.216;1
1;775;1090.16;-253.829;-814.506;1;580.966;163.39;-342.216;1
0;776;-1051.7;573.416;-837.912;1;-377.937;514.874;-389.225;1
1;776;1090.16;-253.829;-814.506;1;580.966;163.39;-342.216;1
1;777;1090.16;-253.829;-814.506;1;578.234;161.442;-343.535;1
0;778;-1051.7;573.416;-837.912;1;-379.213;514.887;-387.685;1
1;778;1090.16;-253.829;-814.506;1;580.966;163.39;-342.216;1
0;779;-1051.7;573.416;-837.912;1;-376.661;514.862;-390.766;1
1;779;1090.16;-253.829;-814.506;1;580.747;162.464;-341.909;1
0;780;-1051.7;573.416;-837.912;1;-376.661;514.862;-390.766;1
1;780;1090.16;-253.829;-814.506;1;580.966;163.39;-342.216;1
0;781;-1051.7;573.416;-837.912;1;-379.213;514.887;-387.685;1
1;781;1090.16;-253.829;-814.506;1;580.966;163.39;-342.216;1
1;782;1090.16;-253.829;-814.506;1;580.747;162.464;-341.909;1
0;783;-1051.7;573.416;-837.912;1;-379.213;514.887;-387.685;1
1;783;1090.16;-253.829;-814.506;1;580.747;162.464;-341.909;1
1;784;1090.16;-253.829;-814.506;1;580.966;163.39;-342.216;1
0;785;-1051.7;573.416;-837.912;1;-376.661;514.862;-390.766;1
1;785;1090.16;-253.829;-814.506;1;581.731;163.422;-341.572;1
1;786;1090.16;-253.829;-814.506;1;580.966;163.39;-342.216;1
0;787;-1051.7;573.416;-837.912;1;-379.03;515.859;-387.542;1
1;788;1090.16;-253.829;-814.506;1;580.966;163.39;-342.216;1
1;789;1090.16;-253.829;-814.506;1;582.495;163.454;-340.928;1
1;790;1090.16;-253.829;-814.506;1;584.243;164.444;-339.946;1
1;791;1090.16;-253.829;-814.506;1;581.731;163.422;-341.572;1
1;792;1090.16;-253.829;-814.506;1;586.975;166.393;-338.627;1
0;793;-1051.7;573.416;-837.912;1;-372.014;515.79;-396.014;1
1;793;1090.16;-253.829;-814.506;1;589.488;167.415;-337.002;1
0;794;-1051.7;573.416;-837.912;1;-371.832;516.763;-395.87;1
1;794;1090.16;-253.829;-814.506;1;594.732;170.386;-334.057;1
1;795;1090.16;-253.829;-814.506;1;597.464;172.334;-332.739;1
0;796;-1051.7;573.416;-837.912;1;-366.091;516.706;-402.802;1
1;796;1090.16;-253.829;-814.506;1;603.253;174.411;-328.843;1
1;797;1090.16;-253.829;-814.506;1;606.75;176.391;-326.88;1
1;798;1090.16;-253.829;-814.506;1;612.759;179.394;-323.292;1
0;799;-1051.7;573.416;-837.912;1;-359.714;516.643;-410.504;1
1;799;1090.16;-253.829;-814.506;1;618.003;182.365;-320.347;1
1;800;1090.16;-253.829;-814.506;1;622.264;184.377;-317.74;1
0;801;-1051.7;573.416;-837.912;1;-354.612;516.593;-416.666;1
1;801;1090.16;-253.829;-814.506;1;629.257;188.338;-313.814;1
1;802;1090.16;-253.829;-814.506;1;635.046;190.415;-309.919;1
1;803;1090.16;-253.829;-814.506;1;639.526;193.354;-307.619;1
1;804;1090.16;-253.829;-814.506;1;647.283;197.347;-303.049;1
1;805;1090.16;-253.829;-814.506;1;653.511;201.276;-299.767;1
1;806;1090.16;-253.829;-814.506;1;659.301;203.352;-295.872;1
1;807;1090.16;-253.829;-814.506;1;665.529;207.281;-292.59;1
1;808;1090.16;-253.829;-814.506;1;671.318;209.358;-288.695;1
1;809;1090.16;-253.829;-814.506;1;677.547;213.287;-285.413;1
1;810;1090.16;-253.829;-814.506;1;681.807;215.299;-282.806;1
1;811;1090.16;-253.829;-814.506;1;687.816;218.302;-279.217;1
1;812;1090.16;-253.829;-814.506;1;694.809;222.263;-275.292;1
1;813;1090.16;-253.829;-814.506;1;699.069;224.276;-272.685;1
1;814;1090.16;-253.829;-814.506;1;703.33;226.288;-270.077;1
1;815;1090.16;-253.829;-814.506;1;707.591;228.301;-267.47;1
1;816;1090.16;-253.829;-814.506;1;710.867;229.355;-265.201;1
1;817;1090.16;-253.829;-814.506;1;714.583;232.262;-263.544;1
1;818;1090.16;-253.829;-814.506;1;717.096;233.284;-261.919;1
1;819;1090.16;-253.829;-814.506;1;718.08;234.242;-261.582;1
1;820;1090.16;-253.829;-814.506;1;721.356;235.297;-259.312;1
1;821;1090.16;-253.829;-814.506;1;721.576;236.223;-259.619;1
1;822;1090.16;-253.829;-814.506;1;720.812;236.191;-260.263;1
1;823;1090.16;-253.829;-814.506;1;721.576;236.223;-259.619;1
1;824;1090.16;-253.829;-814.506;1;724.089;237.245;-257.993;1
1;825;1090.16;-253.829;-814.506;1;722.34;236.255;-258.974;1
1;826;1090.16;-253.829;-814.506;1;722.56;237.181;-259.281;1
1;827;1090.16;-253.829;-814.506;1;722.34;236.255;-258.974;1
1;828;1090.16;-253.829;-814.506;1;722.34;236.255;-258.974;1
1;829;1090.16;-253.829;-814.506;1;722.34;236.255;-258.974;1
1;830;1090.16;-253.829;-814.506;1;722.34;236.255;-258.974;1
1;831;1090.16;-253.829;-814.506;1;722.34;236.255;-258.974;1
1;832;1090.16;-253.829;-814.506;1;722.34;236.255;-258.974;1
1;833;1090.16;-253.829;-814.506;1;722.34;236.255;-258.974;1
1;834;1090.16;-253.829;-814.506;1;720.812;236.191;-260.263;1
1;835;1090.16;-253.829;-814.506;1;724.089;237.245;-257.993;1
1;836;1090.16;-253.829;-814.506;1;719.828;235.232;-260.6;1
1;837;1090.16;-253.829;-814.506;1;722.34;236.255;-258.974;1
1;838;1090.16;-253.829;-814.506;1;719.828;235.232;-260.6;1
1;839;1090.16;-253.829;-814.506;1;724.089;237.245;-257.993;1
1;840;1090.16;-253.829;-814.506;1;722.34;236.255;-258.974;1
1;841;1090.16;-253.829;-814.506;1;720.592;235.265;-259.956;1
1;842;1090.16;-253.829;-814.506;1;722.34;236.255;-258.974;1
1;843;1090.16;-253.829;-814.506;1;722.34;236.255;-258.974;1
0;844;-1051.7;573.416;-837.912;1;-322.174;519.197;-454.745;1
1;844;1090.16;-253.829;-814.506;1;719.828;235.232;-260.6;1
0;845;-1051.7;573.416;-837.912;1;-321.992;520.169;-454.602;1
1;845;1090.16;-253.829;-814.506;1;720.812;236.191;-260.263;1
0;846;-1051.7;573.416;-837.912;1;-321.992;520.169;-454.602;1
1;846;1090.16;-253.829;-814.506;1;722.34;236.255;-258.974;1
1;847;1090.16;-253.829;-814.506;1;722.34;236.255;-258.974;1
1;848;1090.16;-253.829;-814.506;1;719.828;235.232;-260.6;1
0;849;-1051.7;573.416;-837.912;1;-322.174;519.197;-454.745;1
1;849;1090.16;-253.829;-814.506;1;722.34;236.255;-258.974;1
0;850;-1051.7;573.416;-837.912;1;-321.992;520.169;-454.602;1
1;850;1090.16;-253.829;-814.506;1;719.828;235.232;-260.6;1
0;851;-1051.7;573.416;-837.912;1;-321.992;520.169;-454.602;1
1;851;1090.16;-253.829;-814.506;1;722.34;236.255;-258.974;1
0;852;-1051.7;573.416;-837.912;1;-321.992;520.169;-454.602;1
1;852;1090.16;-253.829;-814.506;1;722.34;236.255;-258.974;1
0;853;-1051.7;573.416;-837.912;1;-320.716;520.157;-456.142;1
1;853;1090.16;-253.829;-814.506;1;722.34;236.255;-258.974;1
0;854;-1051.7;573.416;-837.912;1;-322.174;519.197;-454.745;1
1;854;1090.16;-253.829;-814.506;1;720.812;236.191;-260.263;1
0;855;-1051.7;573.416;-837.912;1;-321.992;520.169;-454.602;1
1;855;1090.16;-253.829;-814.506;1;722.56;237.181;-259.281;1
0;856;-1051.7;573.416;-837.912;1;-321.992;520.169;-454.602;1
1;856;1090.16;-253.829;-814.506;1;722.56;237.181;-259.281;1
0;857;-1051.7;573.416;-837.912;1;-321.992;520.169;-454.602;1
1;857;1090.16;-253.829;-814.506;1;722.56;237.181;-259.281;1
0;858;-1051.7;573.416;-837.912;1;-321.992;520.169;-454.602;1
1;858;1090.16;-253.829;-814.506;1;722.34;236.255;-258.974;1
0;859;-1051.7;573.416;-837.912;1;-320.716;520.157;-456.142;1
1;859;1090.16;-253.829;-814.506;1;724.089;237.245;-257.993;1
1;860;1090.16;-253.829;-814.506;1;722.34;236.255;-258.974;1
0;861;-1051.7;573.416;-837.912;1;-322.174;519.197;-454.745;1
1;861;1090.16;-253.829;-814.506;1;722.34;236.255;-258.974;1
0;862;-1051.7;573.416;-837.912;1;-322.174;519.197;-454.745;1
1;862;1090.16;-253.829;-814.506;1;722.34;236.255;-258.974;1
0;863;-1051.7;573.416;-837.912;1;-321.992;520.169;-454.602;1
1;863;1090.16;-253.829;-814.506;1;722.34;236.255;-258.974;1
1;864;1090.16;-253.829;-814.506;1;722.34;236.255;-258.974;1
0;865;-1051.7;573.416;-837.912;1;-321.992;520.169;-454.602;1
1;865;1090.16;-253.829;-814.506;1;722.34;236.255;-258.974;1
0;866;-1051.7;573.416;-837.912;1;-321.992;520.169;-454.602;1
1;866;1090.16;-253.829;-814.506;1;719.828;235.232;-260.6;1
1;867;1090.16;-253.829;-814.506;1;722.34;236.255;-258.974;1
0;868;-1051.7;573.416;-837.912;1;-322.174;519.197;-454.745;1
1;868;1090.16;-253.829;-814.506;1;722.34;236.255;-258.974;1
0;869;-1051.7;573.416;-837.912;1;-322.174;519.197;-454.745;1
1;869;1090.16;-253.829;-814.506;1;722.34;236.255;-258.974;1
0;870;-1051.7;573.416;-837.912;1;-321.992;520.169;-454.602;1
1;870;1090.16;-253.829;-814.506;1;722.34;236.255;-258.974;1
0;871;-1051.7;573.416;-837.912;1;-321.354;520.163;-455.372;1
1;871;1090.16;-253.829;-814.506;1;722.34;236.255;-258.974;1
0;872;-1051.7;573.416;-837.912;1;-321.992;520.169;-454.602;1
1;872;1090.16;-253.829;-814.506;1;722.34;236.255;-258.974;1
0;873;-1051.7;573.416;-837.912;1;-322.174;519.197;-454.745;1
1;873;1090.16;-253.829;-814.506;1;722.34;236.255;-258.974;1
0;874;-1051.7;573.416;-837.912;1;-321.992;520.169;-454.602;1
1;874;1090.16;-253.829;-814.506;1;722.34;236.255;-258.974;1
0;875;-1051.7;573.416;-837.912;1;-321.354;520.163;-455.372;1
1;875;1090.16;-253.829;-814.506;1;722.34;236.255;-258.974;1
0;876;-1051.7;573.416;-837.912;1;-321.992;520.169;-454.602;1
1;876;1090.16;-253.829;-814.506;1;722.34;236.255;-258.974;1
0;877;-1051.7;573.416;-837.912;1;-321.992;520.169;-454.602;1
1;877;1090.16;-253.829;-814.506;1;719.828;235.232;-260.6;1
0;878;-1051.7;573.416;-837.912;1;-322.174;519.197;-454.745;1
1;878;1090.16;-253.829;-814.506;1;719.828;235.232;-260.6;1
1;879;1090.16;-253.829;-814.506;1;724.089;237.245;-257.993;1
0;880;-1051.7;573.416;-837.912;1;-322.174;519.197;-454.745;1
1;880;1090.16;-253.829;-814.506;1;724.089;237.245;-257.993;1
0;881;-1051.7;573.416;-837.912;1;-321.992;520.169;-454.602;1
1;881;1090.16;-253.829;-814.506;1;722.34;236.255;-258.974;1
0;882;-1051.7;573.416;-837.912;1;-321.992;520.169;-454.602;1
1;882;1090.16;-253.829;-814.506;1;719.828;235.232;-260.6;1
1;883;1090.16;-253.829;-814.506;1;722.56;237.181;-259.281;1
0;884;-1051.7;573.416;-837.912;1;-321.992;520.169;-454.602;1
1;884;1090.16;-253.829;-814.506;1;724.089;237.245;-257.993;1
1;885;1090.16;-253.829;-814.506;1;722.34;236.255;-258.974;1
1;886;1090.16;-253.829;-814.506;1;724.089;237.245;-257.993;1
0;887;-1051.7;573.416;-837.912;1;-321.992;520.169;-454.602;1
1;887;1090.16;-253.829;-814.506;1;721.576;236.223;-259.619;1
0;888;-1051.7;573.416;-837.912;1;-322.174;519.197;-454.745;1
1;888;1090.16;-253.829;-814.506;1;722.34;236.255;-258.974;1
0;889;-1051.7;573.416;-837.912;1;-321.992;520.169;-454.602;1
1;889;1090.16;-253.829;-814.506;1;719.828;235.232;-260.6;1
0;890;-1051.7;573.416;-837.912;1;-321.992;520.169;-454.602;1
1;890;1090.16;-253.829;-814.506;1;722.34;236.255;-258.974;1
0;891;-1051.7;573.416;-837.912;1;-322.174;519.197;-454.745;1
1;891;1090.16;-253.829;-814.506;1;722.34;236.255;-258.974;1
0;892;-1051.7;573.416;-837.912;1;-322.174;519.197;-454.745;1
1;892;1090.16;-253.829;-814.506;1;722.56;237.181;-259.281;1
1;893;1090.16;-253.829;-814.506;1;722.34;236.255;-258.974;1
0;894;-1051.7;573.416;-837.912;1;-321.992;520.169;-454.602;1
1;894;1090.16;-253.829;-814.506;1;722.34;236.255;-258.974;1
0;895;-1051.7;573.416;-837.912;1;-321.992;520.169;-454.602;1
1;895;1090.16;-253.829;-814.506;1;721.576;236.223;-259.619;1
0;896;-1051.7;573.416;-837.912;1;-322.174;519.197;-454.745;1
1;896;1090.16;-253.829;-814.506;1;722.56;237.181;-259.281;1
0;897;-1051.7;573.416;-837.912;1;-354.415;544.85;-406.346;1
1;897;1090.16;-253.829;-814.506;1;722.34;236.255;-258.974;1
0;898;-1051.7;573.416;-837.912;1;-322.812;519.203;-453.975;1
1;898;1090.16;-253.829;-814.506;1;724.089;237.245;-257.993;1
1;899;1090.16;-253.829;-814.506;1;722.34;236.255;-258.974;1
1;900;1090.16;-253.829;-814.506;1;722.34;236.255;-258.974;1
0;901;-1051.7;573.416;-837.912;1;-320.716;520.157;-456.142;1
1;901;1090.16;-253.829;-814.506;1;722.34;236.255;-258.974;1
1;902;1090.16;-253.829;-814.506;1;722.34;236.255;-258.974;1
0;903;-1051.7;573.416;-837.912;1;-322.174;519.197;-454.745;1
1;903;1090.16;-253.829;-814.506;1;722.34;236.255;-258.974;1
0;904;-1051.7;573.416;-837.912;1;-321.992;520.169;-454.602;1
1;904;1090.16;-253.829;-814.506;1;722.34;236.255;-258.974;1
0;905;-1051.7;573.416;-837.912;1;-321.354;520.163;-455.372;1
1;905;1090.16;-253.829;-814.506;1;719.828;235.232;-260.6;1
1;906;1090.16;-253.829;-814.506;1;722.34;236.255;-258.974;1
0;907;-1051.7;573.416;-837.912;1;-321.992;520.169;-454.602;1
1;907;1090.16;-253.829;-814.506;1;722.34;236.255;-258.974;1
0;908;-1051.7;573.416;-837.912;1;-321.354;520.163;-455.372;1
1;908;1090.16;-253.829;-814.506;1;722.34;236.255;-258.974;1
0;909;-1051.7;573.416;-837.912;1;-321.992;520.169;-454.602;1
1;909;1090.16;-253.829;-814.506;1;722.34;236.255;-258.974;1
0;910;-1051.7;573.416;-837.912;1;-321.992;520.169;-454.602;1
1;910;1090.16;-253.829;-814.506;1;720.592;235.265;-259.956;1
0;911;-1051.7;573.416;-837.912;1;-321.992;520.169;-454.602;1
1;911;1090.16;-253.829;-814.506;1;722.34;236.255;-258.974;1
1;912;1090.16;-253.829;-814.506;1;722.34;236.255;-258.974;1
0;913;-1051.7;573.416;-837.912;1;-322.174;519.197;-454.745;1
1;913;1090.16;-253.829;-814.506;1;723.869;236.319;-257.686;1
1;914;1090.16;-253.829;-814.506;1;723.869;236.319;-257.686;1
0;915;-1051.7;573.416;-837.912;1;-322.812;519.203;-453.975;1
1;915;1090.16;-253.829;-814.506;1;724.413;235.425;-256.735;1
0;916;-1051.7;573.416;-837.912;1;-323.45;519.209;-453.205;1
1;916;1090.16;-253.829;-814.506;1;723.429;234.467;-257.072;1
0;917;-1051.7;573.416;-837.912;1;-323.905;520.188;-452.291;1
1;917;1090.16;-253.829;-814.506;1;724.958;234.531;-255.784;1
0;918;-1051.7;573.416;-837.912;1;-323.905;520.188;-452.291;1
1;918;1090.16;-253.829;-814.506;1;725.502;233.637;-254.833;1
1;919;1090.16;-253.829;-814.506;1;726.046;232.743;-253.882;1
0;920;-1051.7;573.416;-837.912;1;-326.001;519.234;-450.124;1
1;920;1090.16;-253.829;-814.506;1;725.827;231.817;-253.575;1
0;921;-1051.7;573.416;-837.912;1;-328.097;518.28;-447.957;1
1;921;1090.16;-253.829;-814.506;1;727.899;230.988;-251.336;1
0;922;-1051.7;573.416;-837.912;1;-327.914;519.253;-447.814;1
1;922;1090.16;-253.829;-814.506;1;728.224;229.168;-250.078;1
1;923;1090.16;-253.829;-814.506;1;729.533;228.306;-248.482;1
0;924;-1051.7;573.416;-837.912;1;-329.645;520.245;-445.36;1
1;924;1090.16;-253.829;-814.506;1;729.093;226.454;-247.869;1
0;925;-1051.7;573.416;-837.912;1;-331.103;519.285;-443.963;1
1;925;1090.16;-253.829;-814.506;1;731.166;225.624;-245.629;1
0;926;-1051.7;573.416;-837.912;1;-332.196;520.27;-442.279;1
1;926;1090.16;-253.829;-814.506;1;732.475;224.762;-244.034;1
1;927;1090.16;-253.829;-814.506;1;733.563;222.975;-242.132;1
0;928;-1051.7;573.416;-837.912;1;-334.747;520.295;-439.198;1
1;928;1090.16;-253.829;-814.506;1;734.872;222.113;-240.537;1
0;929;-1051.7;573.416;-837.912;1;-335.568;519.329;-438.571;1
1;929;1090.16;-253.829;-814.506;1;735.197;220.293;-239.279;1
0;930;-1051.7;573.416;-837.912;1;-337.298;520.32;-436.117;1
1;930;1090.16;-253.829;-814.506;1;736.286;218.505;-237.377;1
0;931;-1051.7;573.416;-837.912;1;-338.757;519.36;-434.72;1
1;931;1090.16;-253.829;-814.506;1;737.375;216.717;-235.474;1
0;932;-1051.7;573.416;-837.912;1;-339.85;520.345;-433.036;1
1;932;1090.16;-253.829;-814.506;1;737.919;215.823;-234.523;1
1;933;1090.16;-253.829;-814.506;1;739.772;214.068;-231.977;1
0;934;-1051.7;573.416;-837.912;1;-343.038;520.377;-429.185;1
1;934;1090.16;-253.829;-814.506;1;741.081;213.206;-230.382;1
1;935;1090.16;-253.829;-814.506;1;742.714;210.524;-227.529;1
0;936;-1051.7;573.416;-837.912;1;-345.59;520.402;-426.105;1
1;936;1090.16;-253.829;-814.506;1;744.022;209.662;-225.933;1
0;937;-1051.7;573.416;-837.912;1;-347.503;520.421;-423.794;1
1;937;1090.16;-253.829;-814.506;1;745.111;207.874;-224.031;1
0;938;-1051.7;573.416;-837.912;1;-348.778;520.433;-422.254;1
1;938;1090.16;-253.829;-814.506;1;745.436;206.054;-222.773;1
0;939;-1051.7;573.416;-837.912;1;-351.33;520.458;-419.173;1
1;939;1090.16;-253.829;-814.506;1;747.289;204.299;-220.227;1
0;940;-1051.7;573.416;-837.912;1;-351.33;520.458;-419.173;1
1;940;1090.16;-253.829;-814.506;1;746.849;202.447;-219.613;1
0;941;-1051.7;573.416;-837.912;1;-352.605;520.471;-417.633;1
1;941;1090.16;-253.829;-814.506;1;748.158;201.585;-218.018;1
0;942;-1051.7;573.416;-837.912;1;-353.881;520.484;-416.092;1
1;942;1090.16;-253.829;-814.506;1;750.231;200.755;-215.779;1
0;943;-1051.7;573.416;-837.912;1;-354.518;520.49;-415.322;1
1;943;1090.16;-253.829;-814.506;1;751.54;199.893;-214.183;1
0;944;-1051.7;573.416;-837.912;1;-355.156;520.496;-414.552;1
1;944;1090.16;-253.829;-814.506;1;751.32;198.967;-213.877;1
0;945;-1051.7;573.416;-837.912;1;-355.794;520.503;-413.782;1
1;945;1090.16;-253.829;-814.506;1;750.336;198.009;-214.214;1
0;946;-1051.7;573.416;-837.912;1;-356.249;521.481;-412.868;1
1;946;1090.16;-253.829;-814.506;1;750.116;197.083;-213.907;1
1;947;1090.16;-253.829;-814.506;1;750.88;197.115;-213.263;1
0;948;-1051.7;573.416;-837.912;1;-356.887;521.488;-412.098;1
1;948;1090.16;-253.829;-814.506;1;751.864;198.073;-212.925;1
0;949;-1051.7;573.416;-837.912;1;-355.794;520.503;-413.782;1
1;949;1090.16;-253.829;-814.506;1;750.116;197.083;-213.907;1
0;950;-1051.7;573.416;-837.912;1;-356.249;521.481;-412.868;1
1;950;1090.16;-253.829;-814.506;1;750.88;197.115;-213.263;1
0;951;-1051.7;573.416;-837.912;1;-355.794;520.503;-413.782;1
1;951;1090.16;-253.829;-814.506;1;751.644;197.147;-212.619;1
0;952;-1051.7;573.416;-837.912;1;-355.794;520.503;-413.782;1
1;952;1090.16;-253.829;-814.506;1;750.116;197.083;-213.907;1
0;953;-1051.7;573.416;-837.912;1;-356.249;521.481;-412.868;1
1;953;1090.16;-253.829;-814.506;1;751.644;197.147;-212.619;1
0;954;-1051.7;573.416;-837.912;1;-356.432;520.509;-413.011;1
1;954;1090.16;-253.829;-814.506;1;751.864;198.073;-212.925;1
0;955;-1051.7;573.416;-837.912;1;-356.432;520.509;-413.011;1
1;955;1090.16;-253.829;-814.506;1;750.116;197.083;-213.907;1
0;956;-1051.7;573.416;-837.912;1;-356.432;520.509;-413.011;1
1;956;1090.16;-253.829;-814.506;1;751.644;197.147;-212.619;1
0;957;-1051.7;573.416;-837.912;1;-355.794;520.503;-413.782;1
1;957;1090.16;-253.829;-814.506;1;753.393;198.138;-211.637;1
0;958;-1051.7;573.416;-837.912;1;-356.432;520.509;-413.011;1
1;958;1090.16;-253.829;-814.506;1;751.864;198.073;-212.925;1
0;959;-1051.7;573.416;-837.912;1;-356.432;520.509;-413.011;1
1;959;1090.16;-253.829;-814.506;1;751.644;197.147;-212.619;1
0;960;-1051.7;573.416;-837.912;1;-356.432;520.509;-413.011;1
1;960;1090.16;-253.829;-814.506;1;751.864;198.073;-212.925;1
0;961;-1051.7;573.416;-837.912;1;-356.249;521.481;-412.868;1
1;961;1090.16;-253.829;-814.506;1;750.116;197.083;-213.907;1
0;962;-1051.7;573.416;-837.912;1;-356.249;521.481;-412.868;1
1;962;1090.16;-253.829;-814.506;1;751.644;197.147;-212.619;1
0;963;-1051.7;573.416;-837.912;1;-356.249;521.481;-412.868;1
1;963;1090.16;-253.829;-814.506;1;753.393;198.138;-211.637;1
1;964;1090.16;-253.829;-814.506;1;749.352;197.051;-214.551;1
0;965;-1051.7;573.416;-837.912;1;-355.794;520.503;-413.782;1
1;965;1090.16;-253.829;-814.506;1;751.644;197.147;-212.619;1
0;966;-1051.7;573.416;-837.912;1;-356.432;520.509;-413.011;1
1;966;1090.16;-253.829;-814.506;1;751.644;197.147;-212.619;1
0;967;-1051.7;573.416;-837.912;1;-355.794;520.503;-413.782;1
1;967;1090.16;-253.829;-814.506;1;751.644;197.147;-212.619;1
0;968;-1051.7;573.416;-837.912;1;-356.432;520.509;-413.011;1
1;968;1090.16;-253.829;-814.506;1;753.393;198.138;-211.637;1
0;969;-1051.7;573.416;-837.912;1;-355.794;520.503;-413.782;1
1;969;1090.16;-253.829;-814.506;1;751.864;198.073;-212.925;1
0;970;-1051.7;573.416;-837.912;1;-356.432;520.509;-413.011;1
1;970;1090.16;-253.829;-814.506;1;750.116;197.083;-213.907;1
0;971;-1051.7;573.416;-837.912;1;-356.432;520.509;-413.011;1
1;971;1090.16;-253.829;-814.506;1;751.644;197.147;-212.619;1
0;972;-1051.7;573.416;-837.912;1;-356.432;520.509;-413.011;1
1;972;1090.16;-253.829;-814.506;1;751.864;198.073;-212.925;1
0;973;-1051.7;573.416;-837.912;1;-355.794;520.503;-413.782;1
1;973;1090.16;-253.829;-814.506;1;751.864;198.073;-212.925;1
0;974;-1051.7;573.416;-837.912;1;-355.794;520.503;-413.782;1
1;974;1090.16;-253.829;-814.506;1;751.644;197.147;-212.619;1
0;975;-1051.7;573.416;-837.912;1;-356.432;520.509;-413.011;1
1;975;1090.16;-253.829;-814.506;1;751.644;197.147;-212.619;1
0;976;-1051.7;573.416;-837.912;1;-356.249;521.481;-412.868;1
1;976;1090.16;-253.829;-814.506;1;750.116;197.083;-213.907;1
0;977;-1051.7;573.416;-837.912;1;-356.249;521.481;-412.868;1
1;977;1090.16;-253.829;-814.506;1;751.644;197.147;-212.619;1
0;978;-1051.7;573.416;-837.912;1;-355.794;520.503;-413.782;1
1;978;1090.16;-253.829;-814.506;1;751.864;198.073;-212.925;1
1;979;1090.16;-253.829;-814.506;1;751.644;197.147;-212.619;1
0;980;-1051.7;573.416;-837.912;1;-355.794;520.503;-413.782;1
1;980;1090.16;-253.829;-814.506;1;753.393;198.138;-211.637;1
0;981;-1051.7;573.416;-837.912;1;-355.794;520.503;-413.782;1
1;981;1090.16;-253.829;-814.506;1;750.116;197.083;-213.907;1
0;982;-1051.7;573.416;-837.912;1;-356.249;521.481;-412.868;1
1;982;1090.16;-253.829;-814.506;1;751.644;197.147;-212.619;1
0;983;-1051.7;573.416;-837.912;1;-356.432;520.509;-413.011;1
1;983;1090.16;-253.829;-814.506;1;751.644;197.147;-212.619;1
0;984;-1051.7;573.416;-837.912;1;-355.794;520.503;-413.782;1
1;984;1090.16;-253.829;-814.506;1;750.116;197.083;-213.907;1
0;985;-1051.7;573.416;-837.912;1;-355.794;520.503;-413.782;1
1;985;1090.16;-253.829;-814.506;1;751.864;198.073;-212.925;1
0;986;-1051.7;573.416;-837.912;1;-356.432;520.509;-413.011;1
1;986;1090.16;-253.829;-814.506;1;751.644;197.147;-212.619;1
0;987;-1051.7;573.416;-837.912;1;-355.794;520.503;-413.782;1
1;987;1090.16;-253.829;-814.506;1;750.116;197.083;-213.907;1
0;988;-1051.7;573.416;-837.912;1;-355.794;520.503;-413.782;1
1;988;1090.16;-253.829;-814.506;1;753.393;198.138;-211.637;1
0;989;-1051.7;573.416;-837.912;1;-355.794;520.503;-413.782;1
1;989;1090.16;-253.829;-814.506;1;750.88;197.115;-213.263;1
0;990;-1051.7;573.416;-837.912;1;-356.432;520.509;-413.011;1
1;990;1090.16;-253.829;-814.506;1;751.864;198.073;-212.925;1
0;991;-1051.7;573.416;-837.912;1;-355.794;520.503;-413.782;1
1;991;1090.16;-253.829;-814.506;1;751.864;198.073;-212.925;1
0;992;-1051.7;573.416;-837.912;1;-356.432;520.509;-413.011;1
1;992;1090.16;-253.829;-814.506;1;751.644;197.147;-212.619;1
0;993;-1051.7;573.416;-837.912;1;-356.432;520.509;-413.011;1
1;993;1090.16;-253.829;-814.506;1;750.116;197.083;-213.907;1
0;994;-1051.7;573.416;-837.912;1;-356.249;521.481;-412.868;1
1;994;1090.16;-253.829;-814.506;1;750.116;197.083;-213.907;1
0;995;-1051.7;573.416;-837.912;1;-355.794;520.503;-413.782;1
1;995;1090.16;-253.829;-814.506;1;751.644;197.147;-212.619;1
0;996;-1051.7;573.416;-837.912;1;-356.432;520.509;-413.011;1
1;996;1090.16;-253.829;-814.506;1;751.864;198.073;-212.925;1
0;997;-1051.7;573.416;-837.912;1;-356.249;521.481;-412.868;1
1;997;1090.16;-253.829;-814.506;1;750.116;197.083;-213.907;1
0;998;-1051.7;573.416;-837.912;1;-356.432;520.509;-413.011;1
1;998;1090.16;-253.829;-814.506;1;751.644;197.147;-212.619;1
