0;138;-1062.02;569.286;-827.713;1-469.078;421.052;-315.082;1
0;139;-1062.02;569.286;-827.713;1-469.078;421.052;-315.082;1
0;140;-1062.02;569.286;-827.713;1-469.078;421.052;-315.082;1
0;141;-1062.02;569.286;-827.713;1-469.078;421.052;-315.082;1
1;141;1085.97;-256.424;-816.809;1618.022;17.6724;-232.044;1
0;142;-1062.02;569.286;-827.713;1-469.078;421.052;-315.082;1
1;142;1085.97;-256.424;-816.809;1618.788;17.7028;-231.402;1
0;143;-1062.02;569.286;-827.713;1-468.895;422.025;-314.942;1
0;144;-1062.02;569.286;-827.713;1-469.078;421.052;-315.082;1
1;144;1085.97;-256.424;-816.809;1618.788;17.7028;-231.402;1
0;145;-1062.02;569.286;-827.713;1-469.078;421.052;-315.082;1
0;146;-1062.02;569.286;-827.713;1-469.078;421.052;-315.082;1
0;147;-1062.02;569.286;-827.713;1-469.078;421.052;-315.082;1
1;147;1085.97;-256.424;-816.809;1615.282;15.7302;-233.356;1
0;148;-1062.02;569.286;-827.713;1-468.895;422.025;-314.942;1
0;149;-1062.02;569.286;-827.713;1-469.078;421.052;-315.082;1
0;150;-1062.02;569.286;-827.713;1-468.895;422.025;-314.942;1
0;151;-1062.02;569.286;-827.713;1-469.078;421.052;-315.082;1
0;152;-1062.02;569.286;-827.713;1-469.078;421.052;-315.082;1
1;152;1085.97;-256.424;-816.809;1618.022;17.6724;-232.044;1
0;153;-1062.02;569.286;-827.713;1-469.078;421.052;-315.082;1
1;153;1085.97;-256.424;-816.809;1618.022;17.6724;-232.044;1
0;154;-1062.02;569.286;-827.713;1-469.078;421.052;-315.082;1
0;155;-1062.02;569.286;-827.713;1-469.078;421.052;-315.082;1
0;156;-1062.02;569.286;-827.713;1-469.078;421.052;-315.082;1
0;157;-1062.02;569.286;-827.713;1-470.338;421.066;-313.529;1
0;158;-1062.02;569.286;-827.713;1-469.078;421.052;-315.082;1
1;159;1085.97;-256.424;-816.809;1618.022;17.6724;-232.044;1
0;160;-1062.02;569.286;-827.713;1-469.078;421.052;-315.082;1
0;162;-1062.02;569.286;-827.713;1-469.078;421.052;-315.082;1
0;163;-1062.02;569.286;-827.713;1-469.078;421.052;-315.082;1
0;164;-1062.02;569.286;-827.713;1-469.078;421.052;-315.082;1
1;164;1085.97;-256.424;-816.809;1617.035;16.7165;-232.379;1
0;165;-1062.02;569.286;-827.713;1-469.078;421.052;-315.082;1
1;165;1085.97;-256.424;-816.809;1616.269;16.6861;-233.021;1
0;166;-1062.02;569.286;-827.713;1-469.078;421.052;-315.082;1
1;166;1085.97;-256.424;-816.809;1616.269;16.6861;-233.021;1
0;167;-1062.02;569.286;-827.713;1-469.078;421.052;-315.082;1
1;167;1085.97;-256.424;-816.809;1617.801;16.7469;-231.737;1
0;168;-1062.02;569.286;-827.713;1-470.338;421.066;-313.529;1
1;168;1085.97;-256.424;-816.809;1616.269;16.6861;-233.021;1
0;169;-1062.02;569.286;-827.713;1-469.078;421.052;-315.082;1
1;169;1085.97;-256.424;-816.809;1618.567;16.7772;-231.095;1
0;170;-1062.02;569.286;-827.713;1-469.078;421.052;-315.082;1
1;170;1085.97;-256.424;-816.809;1617.801;16.7469;-231.737;1
0;171;-1062.02;569.286;-827.713;1-469.078;421.052;-315.082;1
1;171;1085.97;-256.424;-816.809;1616.814;15.791;-232.072;1
0;172;-1062.02;569.286;-827.713;1-469.078;421.052;-315.082;1
1;172;1085.97;-256.424;-816.809;1616.048;15.7606;-232.714;1
0;173;-1062.02;569.286;-827.713;1-469.078;421.052;-315.082;1
1;173;1085.97;-256.424;-816.809;1616.269;16.6861;-233.021;1
0;174;-1062.02;569.286;-827.713;1-470.338;421.066;-313.529;1
1;174;1085.97;-256.424;-816.809;1616.048;15.7606;-232.714;1
0;175;-1062.02;569.286;-827.713;1-469.078;421.052;-315.082;1
1;175;1085.97;-256.424;-816.809;1617.035;16.7165;-232.379;1
0;176;-1062.02;569.286;-827.713;1-469.078;421.052;-315.082;1
1;176;1085.97;-256.424;-816.809;1616.269;16.6861;-233.021;1
0;177;-1062.02;569.286;-827.713;1-470.338;421.066;-313.529;1
1;177;1085.97;-256.424;-816.809;1617.801;16.7469;-231.737;1
0;178;-1062.02;569.286;-827.713;1-469.078;421.052;-315.082;1
1;178;1085.97;-256.424;-816.809;1617.801;16.7469;-231.737;1
0;179;-1062.02;569.286;-827.713;1-469.078;421.052;-315.082;1
1;179;1085.97;-256.424;-816.809;1614.738;16.6254;-234.306;1
0;180;-1062.02;569.286;-827.713;1-469.078;421.052;-315.082;1
1;180;1085.97;-256.424;-816.809;1617.801;16.7469;-231.737;1
0;181;-1062.02;569.286;-827.713;1-469.078;421.052;-315.082;1
1;181;1085.97;-256.424;-816.809;1617.801;16.7469;-231.737;1
0;182;-1062.02;569.286;-827.713;1-469.078;421.052;-315.082;1
1;182;1085.97;-256.424;-816.809;1617.801;16.7469;-231.737;1
0;183;-1062.02;569.286;-827.713;1-469.078;421.052;-315.082;1
1;183;1085.97;-256.424;-816.809;1616.269;16.6861;-233.021;1
0;184;-1062.02;569.286;-827.713;1-469.078;421.052;-315.082;1
1;184;1085.97;-256.424;-816.809;1616.048;15.7606;-232.714;1
0;185;-1062.02;569.286;-827.713;1-469.078;421.052;-315.082;1
1;185;1085.97;-256.424;-816.809;1617.801;16.7469;-231.737;1
0;186;-1062.02;569.286;-827.713;1-469.078;421.052;-315.082;1
1;186;1085.97;-256.424;-816.809;1617.035;16.7165;-232.379;1
0;187;-1062.02;569.286;-827.713;1-470.338;421.066;-313.529;1
1;187;1085.97;-256.424;-816.809;1617.035;16.7165;-232.379;1
0;188;-1062.02;569.286;-827.713;1-469.078;421.052;-315.082;1
1;188;1085.97;-256.424;-816.809;1617.801;16.7469;-231.737;1
0;189;-1062.02;569.286;-827.713;1-469.078;421.052;-315.082;1
1;189;1085.97;-256.424;-816.809;1617.035;16.7165;-232.379;1
0;190;-1062.02;569.286;-827.713;1-469.078;421.052;-315.082;1
1;190;1085.97;-256.424;-816.809;1618.567;16.7772;-231.095;1
0;191;-1062.02;569.286;-827.713;1-469.078;421.052;-315.082;1
1;191;1085.97;-256.424;-816.809;1619.554;17.7332;-230.76;1
0;192;-1062.02;569.286;-827.713;1-469.078;421.052;-315.082;1
1;192;1085.97;-256.424;-816.809;1617.58;15.8213;-231.43;1
0;193;-1062.02;569.286;-827.713;1-469.078;421.052;-315.082;1
1;193;1085.97;-256.424;-816.809;1616.269;16.6861;-233.021;1
0;194;-1062.02;569.286;-827.713;1-469.078;421.052;-315.082;1
1;194;1085.97;-256.424;-816.809;1617.801;16.7469;-231.737;1
0;195;-1062.02;569.286;-827.713;1-469.078;421.052;-315.082;1
1;195;1085.97;-256.424;-816.809;1617.801;16.7469;-231.737;1
0;196;-1062.02;569.286;-827.713;1-469.078;421.052;-315.082;1
1;196;1085.97;-256.424;-816.809;1616.269;16.6861;-233.021;1
0;197;-1062.02;569.286;-827.713;1-469.078;421.052;-315.082;1
1;197;1085.97;-256.424;-816.809;1619.554;17.7332;-230.76;1
0;198;-1062.02;569.286;-827.713;1-469.078;421.052;-315.082;1
1;198;1085.97;-256.424;-816.809;1616.269;16.6861;-233.021;1
0;199;-1062.02;569.286;-827.713;1-469.078;421.052;-315.082;1
1;199;1085.97;-256.424;-816.809;1618.567;16.7772;-231.095;1
0;200;-1062.02;569.286;-827.713;1-470.338;421.066;-313.529;1
1;200;1085.97;-256.424;-816.809;1617.035;16.7165;-232.379;1
0;201;-1062.02;569.286;-827.713;1-469.078;421.052;-315.082;1
1;201;1085.97;-256.424;-816.809;1616.269;16.6861;-233.021;1
0;202;-1062.02;569.286;-827.713;1-469.078;421.052;-315.082;1
0;203;-1062.02;569.286;-827.713;1-469.078;421.052;-315.082;1
1;203;1085.97;-256.424;-816.809;1617.801;16.7469;-231.737;1
0;204;-1062.02;569.286;-827.713;1-469.078;421.052;-315.082;1
1;204;1085.97;-256.424;-816.809;1618.567;16.7772;-231.095;1
0;205;-1062.02;569.286;-827.713;1-469.078;421.052;-315.082;1
1;205;1085.97;-256.424;-816.809;1616.048;15.7606;-232.714;1
0;206;-1062.02;569.286;-827.713;1-469.078;421.052;-315.082;1
1;206;1085.97;-256.424;-816.809;1616.269;16.6861;-233.021;1
0;207;-1062.02;569.286;-827.713;1-469.078;421.052;-315.082;1
0;208;-1062.02;569.286;-827.713;1-469.078;421.052;-315.082;1
1;208;1085.97;-256.424;-816.809;1618.567;16.7772;-231.095;1
0;209;-1062.02;569.286;-827.713;1-469.078;421.052;-315.082;1
1;209;1085.97;-256.424;-816.809;1617.801;16.7469;-231.737;1
0;210;-1062.02;569.286;-827.713;1-469.078;421.052;-315.082;1
1;210;1085.97;-256.424;-816.809;1617.801;16.7469;-231.737;1
0;211;-1062.02;569.286;-827.713;1-469.078;421.052;-315.082;1
1;211;1085.97;-256.424;-816.809;1616.269;16.6861;-233.021;1
0;212;-1062.02;569.286;-827.713;1-470.338;421.066;-313.529;1
1;212;1085.97;-256.424;-816.809;1617.801;16.7469;-231.737;1
0;213;-1062.02;569.286;-827.713;1-469.078;421.052;-315.082;1
1;213;1085.97;-256.424;-816.809;1617.801;16.7469;-231.737;1
0;214;-1062.02;569.286;-827.713;1-469.078;421.052;-315.082;1
1;214;1085.97;-256.424;-816.809;1617.035;16.7165;-232.379;1
0;215;-1062.02;569.286;-827.713;1-469.078;421.052;-315.082;1
1;215;1085.97;-256.424;-816.809;1617.801;16.7469;-231.737;1
0;216;-1062.02;569.286;-827.713;1-469.078;421.052;-315.082;1
1;216;1085.97;-256.424;-816.809;1617.035;16.7165;-232.379;1
0;217;-1062.02;569.286;-827.713;1-469.078;421.052;-315.082;1
1;217;1085.97;-256.424;-816.809;1617.035;16.7165;-232.379;1
0;218;-1062.02;569.286;-827.713;1-469.078;421.052;-315.082;1
1;218;1085.97;-256.424;-816.809;1617.801;16.7469;-231.737;1
1;219;1085.97;-256.424;-816.809;1617.801;16.7469;-231.737;1
0;220;-1062.02;569.286;-827.713;1-468.895;422.025;-314.942;1
1;220;1085.97;-256.424;-816.809;1616.269;16.6861;-233.021;1
0;221;-1062.02;569.286;-827.713;1-469.078;421.052;-315.082;1
1;221;1085.97;-256.424;-816.809;1616.269;16.6861;-233.021;1
0;222;-1062.02;569.286;-827.713;1-469.078;421.052;-315.082;1
0;223;-1062.02;569.286;-827.713;1-468.895;422.025;-314.942;1
1;223;1085.97;-256.424;-816.809;1616.269;16.6861;-233.021;1
0;224;-1062.02;569.286;-827.713;1-469.078;421.052;-315.082;1
1;224;1085.97;-256.424;-816.809;1617.801;16.7469;-231.737;1
0;225;-1062.02;569.286;-827.713;1-469.078;421.052;-315.082;1
1;225;1085.97;-256.424;-816.809;1617.801;16.7469;-231.737;1
0;226;-1062.02;569.286;-827.713;1-469.078;421.052;-315.082;1
1;226;1085.97;-256.424;-816.809;1616.048;15.7606;-232.714;1
0;227;-1062.02;569.286;-827.713;1-469.078;421.052;-315.082;1
1;227;1085.97;-256.424;-816.809;1617.801;16.7469;-231.737;1
0;228;-1062.02;569.286;-827.713;1-469.078;421.052;-315.082;1
1;228;1085.97;-256.424;-816.809;1617.801;16.7469;-231.737;1
0;229;-1062.02;569.286;-827.713;1-469.078;421.052;-315.082;1
1;229;1085.97;-256.424;-816.809;1617.035;16.7165;-232.379;1
0;230;-1062.02;569.286;-827.713;1-469.078;421.052;-315.082;1
1;230;1085.97;-256.424;-816.809;1614.738;16.6254;-234.306;1
0;231;-1062.02;569.286;-827.713;1-469.078;421.052;-315.082;1
1;231;1085.97;-256.424;-816.809;1615.503;16.6558;-233.664;1
0;232;-1062.02;569.286;-827.713;1-469.078;421.052;-315.082;1
1;232;1085.97;-256.424;-816.809;1617.035;16.7165;-232.379;1
0;233;-1062.02;569.286;-827.713;1-468.448;421.045;-315.858;1
1;233;1085.97;-256.424;-816.809;1616.269;16.6861;-233.021;1
0;234;-1062.02;569.286;-827.713;1-469.078;421.052;-315.082;1
1;234;1085.97;-256.424;-816.809;1617.035;16.7165;-232.379;1
0;235;-1062.02;569.286;-827.713;1-469.078;421.052;-315.082;1
1;235;1085.97;-256.424;-816.809;1617.801;16.7469;-231.737;1
0;236;-1062.02;569.286;-827.713;1-469.078;421.052;-315.082;1
1;236;1085.97;-256.424;-816.809;1618.788;17.7028;-231.402;1
0;237;-1062.02;569.286;-827.713;1-470.338;421.066;-313.529;1
1;237;1085.97;-256.424;-816.809;1616.269;16.6861;-233.021;1
0;238;-1062.02;569.286;-827.713;1-469.078;421.052;-315.082;1
1;238;1085.97;-256.424;-816.809;1616.269;16.6861;-233.021;1
0;239;-1062.02;569.286;-827.713;1-469.078;421.052;-315.082;1
1;239;1085.97;-256.424;-816.809;1617.801;16.7469;-231.737;1
0;240;-1062.02;569.286;-827.713;1-469.078;421.052;-315.082;1
1;240;1085.97;-256.424;-816.809;1617.801;16.7469;-231.737;1
0;241;-1062.02;569.286;-827.713;1-469.078;421.052;-315.082;1
1;241;1085.97;-256.424;-816.809;1617.035;16.7165;-232.379;1
0;242;-1062.02;569.286;-827.713;1-469.078;421.052;-315.082;1
1;242;1085.97;-256.424;-816.809;1617.801;16.7469;-231.737;1
0;243;-1062.02;569.286;-827.713;1-469.078;421.052;-315.082;1
1;243;1085.97;-256.424;-816.809;1617.801;16.7469;-231.737;1
0;244;-1062.02;569.286;-827.713;1-470.338;421.066;-313.529;1
1;244;1085.97;-256.424;-816.809;1616.269;16.6861;-233.021;1
0;245;-1062.02;569.286;-827.713;1-469.078;421.052;-315.082;1
1;245;1085.97;-256.424;-816.809;1617.035;16.7165;-232.379;1
0;246;-1062.02;569.286;-827.713;1-469.078;421.052;-315.082;1
1;246;1085.97;-256.424;-816.809;1617.801;16.7469;-231.737;1
0;247;-1062.02;569.286;-827.713;1-470.338;421.066;-313.529;1
1;247;1085.97;-256.424;-816.809;1616.269;16.6861;-233.021;1
0;248;-1062.02;569.286;-827.713;1-470.338;421.066;-313.529;1
1;248;1085.97;-256.424;-816.809;1617.801;16.7469;-231.737;1
0;249;-1062.02;569.286;-827.713;1-469.078;421.052;-315.082;1
1;249;1085.97;-256.424;-816.809;1617.801;16.7469;-231.737;1
0;250;-1062.02;569.286;-827.713;1-469.078;421.052;-315.082;1
1;250;1085.97;-256.424;-816.809;1617.58;15.8213;-231.43;1
0;251;-1062.02;569.286;-827.713;1-469.078;421.052;-315.082;1
1;251;1085.97;-256.424;-816.809;1619.333;16.8076;-230.452;1
0;252;-1062.02;569.286;-827.713;1-469.078;421.052;-315.082;1
1;252;1085.97;-256.424;-816.809;1617.801;16.7469;-231.737;1
0;253;-1062.02;569.286;-827.713;1-469.078;421.052;-315.082;1
1;253;1085.97;-256.424;-816.809;1618.022;17.6724;-232.044;1
0;254;-1062.02;569.286;-827.713;1-468.448;421.045;-315.858;1
1;254;1085.97;-256.424;-816.809;1617.801;16.7469;-231.737;1
0;255;-1062.02;569.286;-827.713;1-469.078;421.052;-315.082;1
1;255;1085.97;-256.424;-816.809;1618.567;16.7772;-231.095;1
0;256;-1062.02;569.286;-827.713;1-468.895;422.025;-314.942;1
1;256;1085.97;-256.424;-816.809;1617.801;16.7469;-231.737;1
0;257;-1062.02;569.286;-827.713;1-469.078;421.052;-315.082;1
1;257;1085.97;-256.424;-816.809;1617.801;16.7469;-231.737;1
0;258;-1062.02;569.286;-827.713;1-469.078;421.052;-315.082;1
1;258;1085.97;-256.424;-816.809;1616.269;16.6861;-233.021;1
0;259;-1062.02;569.286;-827.713;1-469.078;421.052;-315.082;1
1;259;1085.97;-256.424;-816.809;1619.554;17.7332;-230.76;1
0;260;-1062.02;569.286;-827.713;1-469.078;421.052;-315.082;1
1;260;1085.97;-256.424;-816.809;1616.269;16.6861;-233.021;1
0;261;-1062.02;569.286;-827.713;1-469.078;421.052;-315.082;1
1;261;1085.97;-256.424;-816.809;1616.048;15.7606;-232.714;1
0;262;-1062.02;569.286;-827.713;1-468.448;421.045;-315.858;1
1;262;1085.97;-256.424;-816.809;1618.567;16.7772;-231.095;1
0;263;-1062.02;569.286;-827.713;1-469.078;421.052;-315.082;1
1;263;1085.97;-256.424;-816.809;1617.801;16.7469;-231.737;1
0;264;-1062.02;569.286;-827.713;1-470.338;421.066;-313.529;1
1;264;1085.97;-256.424;-816.809;1617.035;16.7165;-232.379;1
0;265;-1062.02;569.286;-827.713;1-469.078;421.052;-315.082;1
1;265;1085.97;-256.424;-816.809;1617.801;16.7469;-231.737;1
0;266;-1062.02;569.286;-827.713;1-469.078;421.052;-315.082;1
1;266;1085.97;-256.424;-816.809;1617.801;16.7469;-231.737;1
0;267;-1062.02;569.286;-827.713;1-469.078;421.052;-315.082;1
1;267;1085.97;-256.424;-816.809;1617.035;16.7165;-232.379;1
0;268;-1062.02;569.286;-827.713;1-468.448;421.045;-315.858;1
1;268;1085.97;-256.424;-816.809;1617.035;16.7165;-232.379;1
0;269;-1062.02;569.286;-827.713;1-469.078;421.052;-315.082;1
1;269;1085.97;-256.424;-816.809;1617.801;16.7469;-231.737;1
0;270;-1062.02;569.286;-827.713;1-469.078;421.052;-315.082;1
1;270;1085.97;-256.424;-816.809;1616.048;15.7606;-232.714;1
0;271;-1062.02;569.286;-827.713;1-469.078;421.052;-315.082;1
1;271;1085.97;-256.424;-816.809;1617.801;16.7469;-231.737;1
0;272;-1062.02;569.286;-827.713;1-468.895;422.025;-314.942;1
1;272;1085.97;-256.424;-816.809;1617.801;16.7469;-231.737;1
0;273;-1062.02;569.286;-827.713;1-469.078;421.052;-315.082;1
1;273;1085.97;-256.424;-816.809;1616.269;16.6861;-233.021;1
0;274;-1062.02;569.286;-827.713;1-469.078;421.052;-315.082;1
1;274;1085.97;-256.424;-816.809;1616.269;16.6861;-233.021;1
0;275;-1062.02;569.286;-827.713;1-469.078;421.052;-315.082;1
1;275;1085.97;-256.424;-816.809;1617.035;16.7165;-232.379;1
0;276;-1062.02;569.286;-827.713;1-469.078;421.052;-315.082;1
1;276;1085.97;-256.424;-816.809;1617.801;16.7469;-231.737;1
0;277;-1062.02;569.286;-827.713;1-469.078;421.052;-315.082;1
1;277;1085.97;-256.424;-816.809;1617.035;16.7165;-232.379;1
0;278;-1062.02;569.286;-827.713;1-469.078;421.052;-315.082;1
1;278;1085.97;-256.424;-816.809;1617.801;16.7469;-231.737;1
0;279;-1062.02;569.286;-827.713;1-470.338;421.066;-313.529;1
1;279;1085.97;-256.424;-816.809;1617.035;16.7165;-232.379;1
0;280;-1062.02;569.286;-827.713;1-469.078;421.052;-315.082;1
1;280;1085.97;-256.424;-816.809;1616.269;16.6861;-233.021;1
0;281;-1062.02;569.286;-827.713;1-469.078;421.052;-315.082;1
1;281;1085.97;-256.424;-816.809;1616.269;16.6861;-233.021;1
0;282;-1062.02;569.286;-827.713;1-469.078;421.052;-315.082;1
1;282;1085.97;-256.424;-816.809;1617.801;16.7469;-231.737;1
0;283;-1062.02;569.286;-827.713;1-469.078;421.052;-315.082;1
1;283;1085.97;-256.424;-816.809;1618.346;15.8517;-230.787;1
0;284;-1062.02;569.286;-827.713;1-469.078;421.052;-315.082;1
1;284;1085.97;-256.424;-816.809;1617.801;16.7469;-231.737;1
0;285;-1062.02;569.286;-827.713;1-469.078;421.052;-315.082;1
1;285;1085.97;-256.424;-816.809;1617.035;16.7165;-232.379;1
0;286;-1062.02;569.286;-827.713;1-469.078;421.052;-315.082;1
1;286;1085.97;-256.424;-816.809;1617.801;16.7469;-231.737;1
0;287;-1062.02;569.286;-827.713;1-469.078;421.052;-315.082;1
1;287;1085.97;-256.424;-816.809;1617.801;16.7469;-231.737;1
0;288;-1062.02;569.286;-827.713;1-470.338;421.066;-313.529;1
1;288;1085.97;-256.424;-816.809;1616.814;15.791;-232.072;1
0;289;-1062.02;569.286;-827.713;1-469.078;421.052;-315.082;1
1;289;1085.97;-256.424;-816.809;1617.801;16.7469;-231.737;1
0;290;-1062.02;569.286;-827.713;1-469.078;421.052;-315.082;1
1;290;1085.97;-256.424;-816.809;1617.801;16.7469;-231.737;1
0;291;-1062.02;569.286;-827.713;1-469.078;421.052;-315.082;1
1;291;1085.97;-256.424;-816.809;1617.256;17.6421;-232.687;1
0;292;-1062.02;569.286;-827.713;1-469.078;421.052;-315.082;1
1;292;1085.97;-256.424;-816.809;1617.801;16.7469;-231.737;1
0;293;-1062.02;569.286;-827.713;1-469.078;421.052;-315.082;1
1;293;1085.97;-256.424;-816.809;1617.801;16.7469;-231.737;1
0;294;-1062.02;569.286;-827.713;1-470.338;421.066;-313.529;1
1;294;1085.97;-256.424;-816.809;1617.801;16.7469;-231.737;1
0;295;-1062.02;569.286;-827.713;1-469.078;421.052;-315.082;1
1;295;1085.97;-256.424;-816.809;1619.333;16.8076;-230.452;1
0;296;-1062.02;569.286;-827.713;1-469.078;421.052;-315.082;1
1;296;1085.97;-256.424;-816.809;1616.269;16.6861;-233.021;1
0;297;-1062.02;569.286;-827.713;1-469.078;421.052;-315.082;1
1;297;1085.97;-256.424;-816.809;1616.048;15.7606;-232.714;1
0;298;-1062.02;569.286;-827.713;1-469.078;421.052;-315.082;1
1;298;1085.97;-256.424;-816.809;1616.269;16.6861;-233.021;1
0;299;-1062.02;569.286;-827.713;1-469.078;421.052;-315.082;1
1;299;1085.97;-256.424;-816.809;1617.801;16.7469;-231.737;1
0;300;-1062.02;569.286;-827.713;1-469.078;421.052;-315.082;1
1;300;1085.97;-256.424;-816.809;1617.035;16.7165;-232.379;1
0;301;-1062.02;569.286;-827.713;1-469.078;421.052;-315.082;1
1;301;1085.97;-256.424;-816.809;1617.801;16.7469;-231.737;1
0;302;-1062.02;569.286;-827.713;1-469.078;421.052;-315.082;1
1;302;1085.97;-256.424;-816.809;1618.022;17.6724;-232.044;1
0;303;-1062.02;569.286;-827.713;1-469.078;421.052;-315.082;1
1;303;1085.97;-256.424;-816.809;1617.801;16.7469;-231.737;1
0;304;-1062.02;569.286;-827.713;1-468.895;422.025;-314.942;1
1;304;1085.97;-256.424;-816.809;1617.801;16.7469;-231.737;1
0;305;-1062.02;569.286;-827.713;1-469.078;421.052;-315.082;1
1;305;1085.97;-256.424;-816.809;1617.801;16.7469;-231.737;1
0;306;-1062.02;569.286;-827.713;1-469.078;421.052;-315.082;1
1;306;1085.97;-256.424;-816.809;1617.035;16.7165;-232.379;1
0;307;-1062.02;569.286;-827.713;1-469.078;421.052;-315.082;1
1;307;1085.97;-256.424;-816.809;1616.048;15.7606;-232.714;1
0;308;-1062.02;569.286;-827.713;1-469.078;421.052;-315.082;1
1;308;1085.97;-256.424;-816.809;1617.801;16.7469;-231.737;1
0;309;-1062.02;569.286;-827.713;1-469.078;421.052;-315.082;1
1;309;1085.97;-256.424;-816.809;1617.035;16.7165;-232.379;1
0;310;-1062.02;569.286;-827.713;1-468.448;421.045;-315.858;1
1;310;1085.97;-256.424;-816.809;1617.035;16.7165;-232.379;1
0;311;-1062.02;569.286;-827.713;1-469.078;421.052;-315.082;1
1;311;1085.97;-256.424;-816.809;1617.801;16.7469;-231.737;1
0;312;-1062.02;569.286;-827.713;1-469.078;421.052;-315.082;1
1;312;1085.97;-256.424;-816.809;1617.801;16.7469;-231.737;1
0;313;-1062.02;569.286;-827.713;1-469.078;421.052;-315.082;1
0;314;-1062.02;569.286;-827.713;1-469.078;421.052;-315.082;1
1;314;1085.97;-256.424;-816.809;1617.801;16.7469;-231.737;1
0;315;-1062.02;569.286;-827.713;1-468.895;422.025;-314.942;1
1;315;1085.97;-256.424;-816.809;1617.035;16.7165;-232.379;1
0;316;-1062.02;569.286;-827.713;1-469.078;421.052;-315.082;1
1;316;1085.97;-256.424;-816.809;1617.035;16.7165;-232.379;1
0;317;-1062.02;569.286;-827.713;1-469.078;421.052;-315.082;1
1;317;1085.97;-256.424;-816.809;1614.738;16.6254;-234.306;1
0;318;-1062.02;569.286;-827.713;1-469.078;421.052;-315.082;1
1;318;1085.97;-256.424;-816.809;1617.801;16.7469;-231.737;1
0;319;-1062.02;569.286;-827.713;1-469.078;421.052;-315.082;1
1;319;1085.97;-256.424;-816.809;1617.801;16.7469;-231.737;1
0;320;-1062.02;569.286;-827.713;1-469.078;421.052;-315.082;1
1;320;1085.97;-256.424;-816.809;1616.269;16.6861;-233.021;1
1;321;1085.97;-256.424;-816.809;1617.035;16.7165;-232.379;1
0;322;-1062.02;569.286;-827.713;1-469.078;421.052;-315.082;1
1;322;1085.97;-256.424;-816.809;1617.801;16.7469;-231.737;1
0;323;-1062.02;569.286;-827.713;1-470.338;421.066;-313.529;1
1;323;1085.97;-256.424;-816.809;1617.801;16.7469;-231.737;1
0;324;-1062.02;569.286;-827.713;1-469.078;421.052;-315.082;1
0;325;-1062.02;569.286;-827.713;1-469.078;421.052;-315.082;1
1;325;1085.97;-256.424;-816.809;1616.269;16.6861;-233.021;1
0;326;-1062.02;569.286;-827.713;1-469.078;421.052;-315.082;1
1;326;1085.97;-256.424;-816.809;1617.801;16.7469;-231.737;1
1;327;1085.97;-256.424;-816.809;1617.035;16.7165;-232.379;1
0;328;-1062.02;569.286;-827.713;1-469.078;421.052;-315.082;1
1;328;1085.97;-256.424;-816.809;1617.801;16.7469;-231.737;1
0;329;-1062.02;569.286;-827.713;1-469.078;421.052;-315.082;1
1;329;1085.97;-256.424;-816.809;1617.801;16.7469;-231.737;1
0;330;-1062.02;569.286;-827.713;1-469.078;421.052;-315.082;1
1;330;1085.97;-256.424;-816.809;1617.801;16.7469;-231.737;1
0;331;-1062.02;569.286;-827.713;1-469.078;421.052;-315.082;1
1;331;1085.97;-256.424;-816.809;1617.801;16.7469;-231.737;1
0;332;-1062.02;569.286;-827.713;1-469.078;421.052;-315.082;1
1;332;1085.97;-256.424;-816.809;1616.814;15.791;-232.072;1
0;333;-1062.02;569.286;-827.713;1-469.078;421.052;-315.082;1
1;333;1085.97;-256.424;-816.809;1617.035;16.7165;-232.379;1
0;334;-1062.02;569.286;-827.713;1-469.078;421.052;-315.082;1
1;334;1085.97;-256.424;-816.809;1617.801;16.7469;-231.737;1
0;335;-1062.02;569.286;-827.713;1-469.078;421.052;-315.082;1
1;335;1085.97;-256.424;-816.809;1616.269;16.6861;-233.021;1
0;336;-1062.02;569.286;-827.713;1-469.078;421.052;-315.082;1
1;336;1085.97;-256.424;-816.809;1617.801;16.7469;-231.737;1
0;337;-1062.02;569.286;-827.713;1-469.078;421.052;-315.082;1
1;337;1085.97;-256.424;-816.809;1616.269;16.6861;-233.021;1
0;338;-1062.02;569.286;-827.713;1-469.078;421.052;-315.082;1
1;338;1085.97;-256.424;-816.809;1618.567;16.7772;-231.095;1
0;339;-1062.02;569.286;-827.713;1-469.078;421.052;-315.082;1
1;339;1085.97;-256.424;-816.809;1617.035;16.7165;-232.379;1
0;340;-1062.02;569.286;-827.713;1-469.078;421.052;-315.082;1
1;340;1085.97;-256.424;-816.809;1617.801;16.7469;-231.737;1
0;341;-1062.02;569.286;-827.713;1-469.078;421.052;-315.082;1
1;341;1085.97;-256.424;-816.809;1617.801;16.7469;-231.737;1
0;342;-1062.02;569.286;-827.713;1-469.078;421.052;-315.082;1
1;342;1085.97;-256.424;-816.809;1616.048;15.7606;-232.714;1
0;343;-1062.02;569.286;-827.713;1-469.078;421.052;-315.082;1
1;343;1085.97;-256.424;-816.809;1617.035;16.7165;-232.379;1
0;344;-1062.02;569.286;-827.713;1-470.338;421.066;-313.529;1
1;344;1085.97;-256.424;-816.809;1616.269;16.6861;-233.021;1
0;345;-1062.02;569.286;-827.713;1-469.078;421.052;-315.082;1
1;345;1085.97;-256.424;-816.809;1617.035;16.7165;-232.379;1
0;346;-1062.02;569.286;-827.713;1-469.078;421.052;-315.082;1
1;346;1085.97;-256.424;-816.809;1618.567;16.7772;-231.095;1
0;347;-1062.02;569.286;-827.713;1-469.078;421.052;-315.082;1
1;347;1085.97;-256.424;-816.809;1617.801;16.7469;-231.737;1
0;348;-1062.02;569.286;-827.713;1-469.078;421.052;-315.082;1
1;348;1085.97;-256.424;-816.809;1617.801;16.7469;-231.737;1
0;349;-1062.02;569.286;-827.713;1-468.895;422.025;-314.942;1
1;349;1085.97;-256.424;-816.809;1617.035;16.7165;-232.379;1
0;350;-1062.02;569.286;-827.713;1-469.078;421.052;-315.082;1
1;350;1085.97;-256.424;-816.809;1615.503;16.6558;-233.664;1
0;351;-1062.02;569.286;-827.713;1-470.338;421.066;-313.529;1
0;352;-1062.02;569.286;-827.713;1-469.078;421.052;-315.082;1
1;352;1085.97;-256.424;-816.809;1617.801;16.7469;-231.737;1
0;353;-1062.02;569.286;-827.713;1-469.078;421.052;-315.082;1
1;353;1085.97;-256.424;-816.809;1617.801;16.7469;-231.737;1
0;354;-1062.02;569.286;-827.713;1-468.895;422.025;-314.942;1
1;354;1085.97;-256.424;-816.809;1616.269;16.6861;-233.021;1
0;355;-1062.02;569.286;-827.713;1-469.078;421.052;-315.082;1
1;355;1085.97;-256.424;-816.809;1616.269;16.6861;-233.021;1
0;356;-1062.02;569.286;-827.713;1-470.338;421.066;-313.529;1
1;356;1085.97;-256.424;-816.809;1618.567;16.7772;-231.095;1
0;357;-1062.02;569.286;-827.713;1-470.338;421.066;-313.529;1
1;357;1085.97;-256.424;-816.809;1617.801;16.7469;-231.737;1
0;358;-1062.02;569.286;-827.713;1-469.078;421.052;-315.082;1
1;358;1085.97;-256.424;-816.809;1617.58;15.8213;-231.43;1
0;359;-1062.02;569.286;-827.713;1-469.078;421.052;-315.082;1
1;359;1085.97;-256.424;-816.809;1617.801;16.7469;-231.737;1
0;360;-1062.02;569.286;-827.713;1-469.078;421.052;-315.082;1
1;360;1085.97;-256.424;-816.809;1616.269;16.6861;-233.021;1
0;361;-1062.02;569.286;-827.713;1-469.078;421.052;-315.082;1
1;361;1085.97;-256.424;-816.809;1618.567;16.7772;-231.095;1
0;362;-1062.02;569.286;-827.713;1-469.078;421.052;-315.082;1
1;362;1085.97;-256.424;-816.809;1619.333;16.8076;-230.452;1
0;363;-1062.02;569.286;-827.713;1-469.078;421.052;-315.082;1
1;363;1085.97;-256.424;-816.809;1617.035;16.7165;-232.379;1
0;364;-1062.02;569.286;-827.713;1-469.078;421.052;-315.082;1
1;365;1085.97;-256.424;-816.809;1617.801;16.7469;-231.737;1
0;366;-1062.02;569.286;-827.713;1-469.078;421.052;-315.082;1
1;366;1085.97;-256.424;-816.809;1617.801;16.7469;-231.737;1
0;367;-1062.02;569.286;-827.713;1-469.078;421.052;-315.082;1
1;367;1085.97;-256.424;-816.809;1617.035;16.7165;-232.379;1
0;368;-1062.02;569.286;-827.713;1-469.078;421.052;-315.082;1
1;368;1085.97;-256.424;-816.809;1617.801;16.7469;-231.737;1
0;369;-1062.02;569.286;-827.713;1-469.078;421.052;-315.082;1
1;369;1085.97;-256.424;-816.809;1617.035;16.7165;-232.379;1
0;370;-1062.02;569.286;-827.713;1-469.078;421.052;-315.082;1
1;370;1085.97;-256.424;-816.809;1617.801;16.7469;-231.737;1
0;371;-1062.02;569.286;-827.713;1-470.338;421.066;-313.529;1
1;371;1085.97;-256.424;-816.809;1617.801;16.7469;-231.737;1
0;372;-1062.02;569.286;-827.713;1-469.078;421.052;-315.082;1
1;372;1085.97;-256.424;-816.809;1617.801;16.7469;-231.737;1
1;373;1085.97;-256.424;-816.809;1617.035;16.7165;-232.379;1
0;374;-1062.02;569.286;-827.713;1-469.078;421.052;-315.082;1
1;374;1085.97;-256.424;-816.809;1617.801;16.7469;-231.737;1
0;375;-1062.02;569.286;-827.713;1-469.078;421.052;-315.082;1
1;375;1085.97;-256.424;-816.809;1617.801;16.7469;-231.737;1
0;376;-1062.02;569.286;-827.713;1-469.078;421.052;-315.082;1
1;376;1085.97;-256.424;-816.809;1617.035;16.7165;-232.379;1
0;377;-1062.02;569.286;-827.713;1-469.078;421.052;-315.082;1
1;377;1085.97;-256.424;-816.809;1617.801;16.7469;-231.737;1
0;378;-1062.02;569.286;-827.713;1-469.078;421.052;-315.082;1
0;379;-1062.02;569.286;-827.713;1-469.078;421.052;-315.082;1
1;379;1085.97;-256.424;-816.809;1616.269;16.6861;-233.021;1
0;380;-1062.02;569.286;-827.713;1-469.078;421.052;-315.082;1
1;380;1085.97;-256.424;-816.809;1616.269;16.6861;-233.021;1
0;381;-1062.02;569.286;-827.713;1-469.078;421.052;-315.082;1
1;381;1085.97;-256.424;-816.809;1617.801;16.7469;-231.737;1
0;382;-1062.02;569.286;-827.713;1-469.078;421.052;-315.082;1
1;382;1085.97;-256.424;-816.809;1617.035;16.7165;-232.379;1
0;383;-1062.02;569.286;-827.713;1-469.078;421.052;-315.082;1
1;383;1085.97;-256.424;-816.809;1617.801;16.7469;-231.737;1
1;384;1085.97;-256.424;-816.809;1617.035;16.7165;-232.379;1
1;385;1085.97;-256.424;-816.809;1617.035;16.7165;-232.379;1
0;386;-1062.02;569.286;-827.713;1-469.078;421.052;-315.082;1
1;386;1085.97;-256.424;-816.809;1617.801;16.7469;-231.737;1
0;387;-1062.02;569.286;-827.713;1-469.078;421.052;-315.082;1
1;387;1085.97;-256.424;-816.809;1618.022;17.6724;-232.044;1
0;388;-1062.02;569.286;-827.713;1-469.078;421.052;-315.082;1
1;388;1085.97;-256.424;-816.809;1617.035;16.7165;-232.379;1
0;389;-1062.02;569.286;-827.713;1-469.078;421.052;-315.082;1
1;389;1085.97;-256.424;-816.809;1615.503;16.6558;-233.664;1
0;390;-1062.02;569.286;-827.713;1-470.521;420.093;-313.668;1
1;390;1085.97;-256.424;-816.809;1614.193;17.5206;-235.256;1
0;391;-1062.02;569.286;-827.713;1-469.443;419.105;-315.361;1
1;391;1085.97;-256.424;-816.809;1610.142;16.4432;-238.16;1
0;392;-1062.02;569.286;-827.713;1-470.703;419.12;-313.807;1
1;392;1085.97;-256.424;-816.809;1611.895;17.4295;-237.182;1
0;393;-1062.02;569.286;-827.713;1-469.443;419.105;-315.361;1
1;393;1085.97;-256.424;-816.809;1608.832;17.308;-239.751;1
0;394;-1062.02;569.286;-827.713;1-470.886;418.146;-313.947;1
1;394;1085.97;-256.424;-816.809;1605.547;16.261;-242.013;1
0;395;-1062.02;569.286;-827.713;1-470.886;418.146;-313.947;1
1;395;1085.97;-256.424;-816.809;1601.718;16.1092;-245.224;1
0;396;-1062.02;569.286;-827.713;1-470.256;418.139;-314.723;1
1;396;1085.97;-256.424;-816.809;1599.42;16.0181;-247.151;1
0;397;-1062.02;569.286;-827.713;1-470.439;417.166;-314.863;1
1;397;1085.97;-256.424;-816.809;1595.046;16.7615;-251.312;1
0;398;-1062.02;569.286;-827.713;1-470.621;416.193;-315.002;1
1;398;1085.97;-256.424;-816.809;1591.216;16.6096;-254.523;1
0;399;-1062.02;569.286;-827.713;1-471.251;416.2;-314.226;1
1;399;1085.97;-256.424;-816.809;1589.14;17.4441;-256.758;1
0;400;-1062.02;569.286;-827.713;1-470.987;414.246;-315.281;1
1;400;1085.97;-256.424;-816.809;1585.531;18.2178;-260.276;1
0;401;-1062.02;569.286;-827.713;1-471.617;414.253;-314.504;1
1;401;1085.97;-256.424;-816.809;1581.481;17.1405;-263.18;1
0;402;-1062.02;569.286;-827.713;1-471.617;414.253;-314.504;1
1;402;1085.97;-256.424;-816.809;1577.651;16.9886;-266.391;1
0;403;-1062.02;569.286;-827.713;1-471.982;412.307;-314.783;1
1;403;1085.97;-256.424;-816.809;1574.043;17.7624;-269.91;1
0;404;-1062.02;569.286;-827.713;1-473.242;412.321;-313.23;1
1;404;1085.97;-256.424;-816.809;1567.695;16.5939;-274.741;1
0;405;-1062.02;569.286;-827.713;1-472.612;412.314;-314.007;1
1;405;1085.97;-256.424;-816.809;1565.618;17.4283;-276.975;1
0;406;-1062.02;569.286;-827.713;1-474.603;408.435;-313.011;1
1;406;1085.97;-256.424;-816.809;1555.44;16.1081;-285.017;1
0;407;-1062.02;569.286;-827.713;1-474.603;408.435;-313.011;1
1;407;1085.97;-256.424;-816.809;1555.44;16.1081;-285.017;1
0;408;-1062.02;569.286;-827.713;1-474.785;407.462;-313.151;1
0;409;-1062.02;569.286;-827.713;1-473.973;408.428;-313.788;1
1;409;1085.97;-256.424;-816.809;1551.066;16.8514;-289.178;1
0;410;-1062.02;569.286;-827.713;1-474.338;406.481;-314.067;1
1;410;1085.97;-256.424;-816.809;1548.003;16.73;-291.747;1
0;411;-1062.02;569.286;-827.713;1-474.968;406.488;-313.29;1
1;411;1085.97;-256.424;-816.809;1543.186;15.6222;-295.293;1
0;412;-1062.02;569.286;-827.713;1-475.151;405.515;-313.429;1
0;413;-1062.02;569.286;-827.713;1-475.333;404.542;-313.569;1
0;414;-1062.02;569.286;-827.713;1-474.256;403.555;-315.261;1
1;414;1085.97;-256.424;-816.809;1533.127;17.9738;-305.207;1
0;415;-1062.02;569.286;-827.713;1-475.698;402.595;-313.848;1
1;415;1085.97;-256.424;-816.809;1528.09;15.9405;-308.445;1
0;416;-1062.02;569.286;-827.713;1-477.141;401.636;-312.434;1
0;417;-1062.02;569.286;-827.713;1-476.511;401.629;-313.21;1
0;418;-1062.02;569.286;-827.713;1-476.877;399.683;-313.489;1
0;419;-1062.02;569.286;-827.713;1-477.506;399.69;-312.713;1
0;420;-1062.02;569.286;-827.713;1-477.689;398.716;-312.852;1
0;421;-1062.02;569.286;-827.713;1-478.055;396.77;-313.131;1
0;422;-1062.02;569.286;-827.713;1-479.315;396.784;-311.578;1
0;423;-1062.02;569.286;-827.713;1-479.05;394.831;-312.633;1
0;424;-1062.02;569.286;-827.713;1-478.867;395.804;-312.494;1
0;425;-1062.02;569.286;-827.713;1-479.05;394.831;-312.633;1
0;426;-1062.02;569.286;-827.713;1-479.232;393.857;-312.772;1
0;428;-1062.02;569.286;-827.713;1-480.228;391.918;-312.275;1
0;429;-1062.02;569.286;-827.713;1-480.593;389.971;-312.553;1
0;430;-1062.02;569.286;-827.713;1-481.04;390.952;-311.638;1
0;431;-1062.02;569.286;-827.713;1-481.223;389.978;-311.777;1
1;431;1085.97;-256.424;-816.809;1476.128;17.5475;-353.991;1
0;432;-1062.02;569.286;-827.713;1-481.406;389.005;-311.916;1
0;433;-1062.02;569.286;-827.713;1-481.406;389.005;-311.916;1
0;434;-1062.02;569.286;-827.713;1-481.954;386.085;-312.334;1
0;435;-1062.02;569.286;-827.713;1-481.771;387.059;-312.195;1
0;436;-1062.02;569.286;-827.713;1-483.396;385.126;-310.921;1
0;437;-1062.02;569.286;-827.713;1-482.766;385.119;-311.697;1
0;438;-1062.02;569.286;-827.713;1-483.396;385.126;-310.921;1
0;439;-1062.02;569.286;-827.713;1-483.762;383.18;-311.2;1
0;440;-1062.02;569.286;-827.713;1-483.762;383.18;-311.2;1
0;441;-1062.02;569.286;-827.713;1-483.762;383.18;-311.2;1
0;442;-1062.02;569.286;-827.713;1-484.127;381.233;-311.478;1
0;443;-1062.02;569.286;-827.713;1-484.31;380.26;-311.618;1
0;444;-1062.02;569.286;-827.713;1-485.57;380.274;-310.065;1
1;444;1085.97;-256.424;-816.809;1445.271;15.4074;-379.374;1
0;445;-1062.02;569.286;-827.713;1-484.94;380.267;-310.841;1
0;446;-1062.02;569.286;-827.713;1-484.492;379.287;-311.757;1
0;447;-1062.02;569.286;-827.713;1-485.122;379.294;-310.981;1
0;448;-1062.02;569.286;-827.713;1-485.305;378.32;-311.12;1
0;449;-1062.02;569.286;-827.713;1-486.565;378.334;-309.567;1
0;450;-1062.02;569.286;-827.713;1-486.565;378.334;-309.567;1
0;451;-1062.02;569.286;-827.713;1-486.565;378.334;-309.567;1
0;452;-1062.02;569.286;-827.713;1-486.565;378.334;-309.567;1
0;453;-1062.02;569.286;-827.713;1-486.565;378.334;-309.567;1
0;454;-1062.02;569.286;-827.713;1-486.565;378.334;-309.567;1
0;455;-1062.02;569.286;-827.713;1-486.565;378.334;-309.567;1
0;456;-1062.02;569.286;-827.713;1-485.305;378.32;-311.12;1
0;457;-1062.02;569.286;-827.713;1-486.565;378.334;-309.567;1
0;458;-1062.02;569.286;-827.713;1-486.565;378.334;-309.567;1
0;459;-1062.02;569.286;-827.713;1-486.565;378.334;-309.567;1
0;460;-1062.02;569.286;-827.713;1-486.565;378.334;-309.567;1
0;461;-1062.02;569.286;-827.713;1-486.565;378.334;-309.567;1
0;462;-1062.02;569.286;-827.713;1-486.565;378.334;-309.567;1
0;463;-1062.02;569.286;-827.713;1-485.305;378.32;-311.12;1
0;464;-1062.02;569.286;-827.713;1-486.565;378.334;-309.567;1
0;465;-1062.02;569.286;-827.713;1-486.565;378.334;-309.567;1
0;466;-1062.02;569.286;-827.713;1-486.565;378.334;-309.567;1
0;467;-1062.02;569.286;-827.713;1-486.748;377.361;-309.706;1
0;468;-1062.02;569.286;-827.713;1-486.565;378.334;-309.567;1
0;469;-1062.02;569.286;-827.713;1-486.565;378.334;-309.567;1
0;470;-1062.02;569.286;-827.713;1-486.565;378.334;-309.567;1
0;471;-1062.02;569.286;-827.713;1-486.565;378.334;-309.567;1
0;472;-1062.02;569.286;-827.713;1-486.565;378.334;-309.567;1
0;473;-1062.02;569.286;-827.713;1-486.565;378.334;-309.567;1
0;474;-1062.02;569.286;-827.713;1-486.565;378.334;-309.567;1
0;475;-1062.02;569.286;-827.713;1-486.565;378.334;-309.567;1
0;476;-1062.02;569.286;-827.713;1-486.565;378.334;-309.567;1
0;477;-1062.02;569.286;-827.713;1-486.565;378.334;-309.567;1
0;478;-1062.02;569.286;-827.713;1-485.305;378.32;-311.12;1
0;479;-1062.02;569.286;-827.713;1-486.565;378.334;-309.567;1
0;480;-1062.02;569.286;-827.713;1-486.565;378.334;-309.567;1
0;481;-1062.02;569.286;-827.713;1-486.565;378.334;-309.567;1
0;482;-1062.02;569.286;-827.713;1-486.565;378.334;-309.567;1
0;483;-1062.02;569.286;-827.713;1-486.565;378.334;-309.567;1
0;484;-1062.02;569.286;-827.713;1-486.565;378.334;-309.567;1
0;485;-1062.02;569.286;-827.713;1-486.565;378.334;-309.567;1
0;486;-1062.02;569.286;-827.713;1-486.565;378.334;-309.567;1
0;487;-1062.02;569.286;-827.713;1-485.305;378.32;-311.12;1
0;488;-1062.02;569.286;-827.713;1-486.565;378.334;-309.567;1
0;489;-1062.02;569.286;-827.713;1-486.565;378.334;-309.567;1
0;490;-1062.02;569.286;-827.713;1-486.565;378.334;-309.567;1
0;491;-1062.02;569.286;-827.713;1-486.565;378.334;-309.567;1
0;492;-1062.02;569.286;-827.713;1-486.565;378.334;-309.567;1
0;493;-1062.02;569.286;-827.713;1-486.565;378.334;-309.567;1
0;494;-1062.02;569.286;-827.713;1-486.565;378.334;-309.567;1
0;495;-1062.02;569.286;-827.713;1-485.305;378.32;-311.12;1
0;496;-1062.02;569.286;-827.713;1-485.305;378.32;-311.12;1
0;497;-1062.02;569.286;-827.713;1-486.565;378.334;-309.567;1
0;498;-1062.02;569.286;-827.713;1-486.565;378.334;-309.567;1
0;499;-1062.02;569.286;-827.713;1-486.565;378.334;-309.567;1
0;500;-1062.02;569.286;-827.713;1-486.565;378.334;-309.567;1
0;501;-1062.02;569.286;-827.713;1-486.565;378.334;-309.567;1
0;502;-1062.02;569.286;-827.713;1-486.565;378.334;-309.567;1
0;503;-1062.02;569.286;-827.713;1-486.565;378.334;-309.567;1
0;504;-1062.02;569.286;-827.713;1-486.565;378.334;-309.567;1
0;505;-1062.02;569.286;-827.713;1-486.565;378.334;-309.567;1
0;506;-1062.02;569.286;-827.713;1-486.565;378.334;-309.567;1
0;507;-1062.02;569.286;-827.713;1-486.565;378.334;-309.567;1
0;508;-1062.02;569.286;-827.713;1-486.748;377.361;-309.706;1
0;509;-1062.02;569.286;-827.713;1-486.565;378.334;-309.567;1
0;510;-1062.02;569.286;-827.713;1-486.565;378.334;-309.567;1
0;511;-1062.02;569.286;-827.713;1-485.488;377.347;-311.259;1
0;512;-1062.02;569.286;-827.713;1-486.565;378.334;-309.567;1
0;513;-1062.02;569.286;-827.713;1-486.565;378.334;-309.567;1
0;514;-1062.02;569.286;-827.713;1-485.305;378.32;-311.12;1
0;515;-1062.02;569.286;-827.713;1-486.748;377.361;-309.706;1
0;516;-1062.02;569.286;-827.713;1-486.565;378.334;-309.567;1
0;517;-1062.02;569.286;-827.713;1-485.305;378.32;-311.12;1
0;518;-1062.02;569.286;-827.713;1-486.565;378.334;-309.567;1
0;519;-1062.02;569.286;-827.713;1-486.565;378.334;-309.567;1
0;520;-1062.02;569.286;-827.713;1-485.305;378.32;-311.12;1
0;521;-1062.02;569.286;-827.713;1-486.565;378.334;-309.567;1
0;522;-1062.02;569.286;-827.713;1-486.565;378.334;-309.567;1
0;523;-1062.02;569.286;-827.713;1-486.565;378.334;-309.567;1
0;524;-1062.02;569.286;-827.713;1-485.305;378.32;-311.12;1
0;525;-1062.02;569.286;-827.713;1-485.305;378.32;-311.12;1
0;526;-1062.02;569.286;-827.713;1-485.305;378.32;-311.12;1
0;527;-1062.02;569.286;-827.713;1-485.305;378.32;-311.12;1
0;528;-1062.02;569.286;-827.713;1-486.565;378.334;-309.567;1
0;529;-1062.02;569.286;-827.713;1-485.305;378.32;-311.12;1
0;530;-1062.02;569.286;-827.713;1-486.565;378.334;-309.567;1
0;531;-1062.02;569.286;-827.713;1-486.565;378.334;-309.567;1
0;532;-1062.02;569.286;-827.713;1-485.305;378.32;-311.12;1
0;534;-1062.02;569.286;-827.713;1-485.305;378.32;-311.12;1
0;535;-1062.02;569.286;-827.713;1-485.305;378.32;-311.12;1
0;536;-1062.02;569.286;-827.713;1-486.565;378.334;-309.567;1
0;537;-1062.02;569.286;-827.713;1-486.565;378.334;-309.567;1
0;538;-1062.02;569.286;-827.713;1-486.565;378.334;-309.567;1
0;539;-1062.02;569.286;-827.713;1-486.565;378.334;-309.567;1
0;540;-1062.02;569.286;-827.713;1-486.565;378.334;-309.567;1
0;541;-1062.02;569.286;-827.713;1-486.382;379.308;-309.427;1
0;542;-1062.02;569.286;-827.713;1-486.382;379.308;-309.427;1
0;543;-1062.02;569.286;-827.713;1-486.017;381.254;-309.149;1
0;544;-1062.02;569.286;-827.713;1-485.652;383.201;-308.87;1
0;545;-1062.02;569.286;-827.713;1-485.286;385.147;-308.591;1
0;546;-1062.02;569.286;-827.713;1-484.921;387.094;-308.312;1
0;547;-1062.02;569.286;-827.713;1-483.743;390.006;-308.671;1
0;548;-1062.02;569.286;-827.713;1-483.195;392.926;-308.252;1
0;549;-1062.02;569.286;-827.713;1-482.464;396.819;-307.695;1
0;550;-1062.02;569.286;-827.713;1-481.734;400.712;-307.137;1
0;551;-1062.02;569.286;-827.713;1-480.82;405.578;-306.44;1
0;552;-1062.02;569.286;-827.713;1-480.455;407.525;-306.161;1
0;553;-1062.02;569.286;-827.713;1-479.177;414.337;-305.186;1
0;554;-1062.02;569.286;-827.713;1-478.446;418.23;-304.628;1
0;555;-1062.02;569.286;-827.713;1-477.715;422.123;-304.07;1
0;556;-1062.02;569.286;-827.713;1-476.153;433.809;-301.621;1
0;557;-1062.02;569.286;-827.713;1-476.153;433.809;-301.621;1
0;558;-1062.02;569.286;-827.713;1-474.875;440.622;-300.645;1
0;559;-1062.02;569.286;-827.713;1-473.961;445.488;-299.948;1
0;560;-1062.02;569.286;-827.713;1-472.865;451.328;-299.112;1
0;561;-1062.02;569.286;-827.713;1-471.769;457.167;-298.276;1
0;562;-1062.02;569.286;-827.713;1-470.491;463.98;-297.3;1
0;563;-1062.02;569.286;-827.713;1-470.025;469.826;-295.687;1
0;564;-1062.02;569.286;-827.713;1-468.929;475.666;-294.85;1
0;565;-1062.02;569.286;-827.713;1-468.016;480.532;-294.154;1
0;566;-1062.02;569.286;-827.713;1-467.285;484.425;-293.596;1
0;567;-1062.02;569.286;-827.713;1-466.189;490.264;-292.76;1
0;568;-1062.02;569.286;-827.713;1-466.088;494.164;-291.425;1
0;569;-1062.02;569.286;-827.713;1-465.358;498.057;-290.868;1
0;570;-1062.02;569.286;-827.713;1-464.81;500.977;-290.45;1
0;571;-1062.02;569.286;-827.713;1-464.444;502.924;-290.171;1
0;572;-1062.02;569.286;-827.713;1-465.704;502.938;-288.618;1
0;573;-1062.02;569.286;-827.713;1-464.974;506.831;-288.06;1
0;574;-1062.02;569.286;-827.713;1-464.974;506.831;-288.06;1
0;575;-1062.02;569.286;-827.713;1-463.714;506.817;-289.613;1
0;576;-1062.02;569.286;-827.713;1-465.604;506.838;-287.283;1
0;577;-1062.02;569.286;-827.713;1-463.714;506.817;-289.613;1
0;578;-1062.02;569.286;-827.713;1-464.974;506.831;-288.06;1
0;579;-1062.02;569.286;-827.713;1-463.531;507.79;-289.474;1
0;580;-1062.02;569.286;-827.713;1-463.714;506.817;-289.613;1
0;581;-1062.02;569.286;-827.713;1-464.974;506.831;-288.06;1
0;582;-1062.02;569.286;-827.713;1-464.974;506.831;-288.06;1
0;583;-1062.02;569.286;-827.713;1-463.714;506.817;-289.613;1
0;584;-1062.02;569.286;-827.713;1-464.974;506.831;-288.06;1
0;585;-1062.02;569.286;-827.713;1-463.714;506.817;-289.613;1
0;586;-1062.02;569.286;-827.713;1-464.974;506.831;-288.06;1
0;587;-1062.02;569.286;-827.713;1-464.974;506.831;-288.06;1
0;588;-1062.02;569.286;-827.713;1-463.714;506.817;-289.613;1
0;589;-1062.02;569.286;-827.713;1-463.714;506.817;-289.613;1
0;590;-1062.02;569.286;-827.713;1-465.156;505.857;-288.199;1
0;591;-1062.02;569.286;-827.713;1-464.974;506.831;-288.06;1
0;592;-1062.02;569.286;-827.713;1-463.714;506.817;-289.613;1
0;593;-1062.02;569.286;-827.713;1-464.974;506.831;-288.06;1
0;594;-1062.02;569.286;-827.713;1-464.974;506.831;-288.06;1
0;595;-1062.02;569.286;-827.713;1-463.714;506.817;-289.613;1
0;596;-1062.02;569.286;-827.713;1-464.974;506.831;-288.06;1
0;597;-1062.02;569.286;-827.713;1-463.714;506.817;-289.613;1
0;598;-1062.02;569.286;-827.713;1-463.714;506.817;-289.613;1
0;599;-1062.02;569.286;-827.713;1-463.714;506.817;-289.613;1
0;600;-1062.02;569.286;-827.713;1-463.714;506.817;-289.613;1
0;601;-1062.02;569.286;-827.713;1-463.714;506.817;-289.613;1
0;602;-1062.02;569.286;-827.713;1-463.714;506.817;-289.613;1
0;603;-1062.02;569.286;-827.713;1-463.714;506.817;-289.613;1
0;604;-1062.02;569.286;-827.713;1-463.714;506.817;-289.613;1
0;605;-1062.02;569.286;-827.713;1-463.714;506.817;-289.613;1
0;606;-1062.02;569.286;-827.713;1-463.714;506.817;-289.613;1
0;607;-1062.02;569.286;-827.713;1-463.714;506.817;-289.613;1
0;608;-1062.02;569.286;-827.713;1-463.714;506.817;-289.613;1
0;609;-1062.02;569.286;-827.713;1-463.714;506.817;-289.613;1
0;610;-1062.02;569.286;-827.713;1-463.714;506.817;-289.613;1
0;611;-1062.02;569.286;-827.713;1-463.714;506.817;-289.613;1
0;612;-1062.02;569.286;-827.713;1-463.714;506.817;-289.613;1
0;613;-1062.02;569.286;-827.713;1-464.974;506.831;-288.06;1
0;614;-1062.02;569.286;-827.713;1-463.714;506.817;-289.613;1
0;615;-1062.02;569.286;-827.713;1-464.974;506.831;-288.06;1
0;616;-1062.02;569.286;-827.713;1-463.714;506.817;-289.613;1
0;617;-1062.02;569.286;-827.713;1-464.974;506.831;-288.06;1
0;618;-1062.02;569.286;-827.713;1-463.714;506.817;-289.613;1
0;619;-1062.02;569.286;-827.713;1-465.339;504.884;-288.339;1
0;620;-1062.02;569.286;-827.713;1-464.079;504.87;-289.892;1
0;621;-1062.02;569.286;-827.713;1-463.714;506.817;-289.613;1
0;622;-1062.02;569.286;-827.713;1-464.974;506.831;-288.06;1
0;623;-1062.02;569.286;-827.713;1-464.079;504.87;-289.892;1
0;624;-1062.02;569.286;-827.713;1-463.714;506.817;-289.613;1
0;625;-1062.02;569.286;-827.713;1-464.974;506.831;-288.06;1
0;626;-1062.02;569.286;-827.713;1-464.974;506.831;-288.06;1
0;627;-1062.02;569.286;-827.713;1-463.714;506.817;-289.613;1
0;628;-1062.02;569.286;-827.713;1-463.714;506.817;-289.613;1
0;629;-1062.02;569.286;-827.713;1-464.974;506.831;-288.06;1
0;630;-1062.02;569.286;-827.713;1-463.714;506.817;-289.613;1
0;631;-1062.02;569.286;-827.713;1-463.714;506.817;-289.613;1
0;632;-1062.02;569.286;-827.713;1-463.531;507.79;-289.474;1
0;633;-1062.02;569.286;-827.713;1-463.714;506.817;-289.613;1
0;634;-1062.02;569.286;-827.713;1-463.714;506.817;-289.613;1
0;635;-1062.02;569.286;-827.713;1-463.714;506.817;-289.613;1
0;636;-1062.02;569.286;-827.713;1-463.714;506.817;-289.613;1
0;637;-1062.02;569.286;-827.713;1-463.714;506.817;-289.613;1
0;638;-1062.02;569.286;-827.713;1-463.714;506.817;-289.613;1
0;639;-1062.02;569.286;-827.713;1-463.714;506.817;-289.613;1
0;640;-1062.02;569.286;-827.713;1-464.974;506.831;-288.06;1
0;641;-1062.02;569.286;-827.713;1-463.714;506.817;-289.613;1
0;642;-1062.02;569.286;-827.713;1-463.714;506.817;-289.613;1
0;643;-1062.02;569.286;-827.713;1-464.974;506.831;-288.06;1
0;644;-1062.02;569.286;-827.713;1-463.714;506.817;-289.613;1
0;645;-1062.02;569.286;-827.713;1-463.714;506.817;-289.613;1
0;646;-1062.02;569.286;-827.713;1-464.974;506.831;-288.06;1
0;647;-1062.02;569.286;-827.713;1-463.896;505.843;-289.753;1
0;648;-1062.02;569.286;-827.713;1-463.714;506.817;-289.613;1
0;649;-1062.02;569.286;-827.713;1-463.714;506.817;-289.613;1
0;650;-1062.02;569.286;-827.713;1-463.714;506.817;-289.613;1
0;651;-1062.02;569.286;-827.713;1-463.714;506.817;-289.613;1
0;652;-1062.02;569.286;-827.713;1-464.974;506.831;-288.06;1
0;653;-1062.02;569.286;-827.713;1-463.714;506.817;-289.613;1
0;654;-1062.02;569.286;-827.713;1-463.714;506.817;-289.613;1
0;655;-1062.02;569.286;-827.713;1-463.714;506.817;-289.613;1
0;656;-1062.02;569.286;-827.713;1-464.974;506.831;-288.06;1
0;657;-1062.02;569.286;-827.713;1-463.714;506.817;-289.613;1
0;658;-1062.02;569.286;-827.713;1-463.714;506.817;-289.613;1
0;659;-1062.02;569.286;-827.713;1-463.714;506.817;-289.613;1
0;660;-1062.02;569.286;-827.713;1-463.714;506.817;-289.613;1
0;661;-1062.02;569.286;-827.713;1-463.714;506.817;-289.613;1
0;662;-1062.02;569.286;-827.713;1-463.714;506.817;-289.613;1
0;663;-1062.02;569.286;-827.713;1-463.714;506.817;-289.613;1
0;664;-1062.02;569.286;-827.713;1-463.084;506.81;-290.39;1
0;665;-1062.02;569.286;-827.713;1-462.636;505.829;-291.306;1
0;666;-1062.02;569.286;-827.713;1-461.824;506.796;-291.943;1
0;667;-1062.02;569.286;-827.713;1-461.194;506.789;-292.719;1
0;668;-1062.02;569.286;-827.713;1-461.194;506.789;-292.719;1
0;669;-1062.02;569.286;-827.713;1-459.486;505.794;-295.188;1
0;670;-1062.02;569.286;-827.713;1-457.231;507.72;-297.239;1
0;671;-1062.02;569.286;-827.713;1-455.971;507.706;-298.793;1
0;672;-1062.02;569.286;-827.713;1-454.081;507.685;-301.122;1
0;673;-1062.02;569.286;-827.713;1-452.191;507.664;-303.452;1
0;674;-1062.02;569.286;-827.713;1-449.671;507.636;-306.558;1
0;675;-1062.02;569.286;-827.713;1-446.968;508.581;-309.525;1
0;676;-1062.02;569.286;-827.713;1-444.448;508.553;-312.631;1
0;677;-1062.02;569.286;-827.713;1-441.298;508.518;-316.514;1
0;678;-1062.02;569.286;-827.713;1-438.596;509.463;-319.481;1
0;679;-1062.02;569.286;-827.713;1-435.446;509.428;-323.364;1
0;680;-1062.02;569.286;-827.713;1-432.296;509.393;-327.247;1
0;681;-1062.02;569.286;-827.713;1-429.146;509.358;-331.129;1
0;682;-1062.02;569.286;-827.713;1-426.443;510.303;-334.096;1
0;683;-1062.02;569.286;-827.713;1-422.033;510.254;-339.532;1
0;684;-1062.02;569.286;-827.713;1-418.7;511.192;-343.276;1
0;685;-1062.02;569.286;-827.713;1-415.55;511.157;-347.158;1
0;686;-1062.02;569.286;-827.713;1-411.77;511.115;-351.818;1
0;687;-1062.02;569.286;-827.713;1-409.88;511.094;-354.148;1
0;688;-1062.02;569.286;-827.713;1-406.548;512.032;-357.891;1
0;689;-1062.02;569.286;-827.713;1-402.138;511.983;-363.327;1
0;693;-1062.02;569.286;-827.713;1-392.505;512.851;-374.836;1
0;696;-1062.02;569.286;-827.713;1-387.282;513.768;-380.909;1
0;697;-1062.02;569.286;-827.713;1-384.945;512.767;-384.155;1
1;698;1085.97;-256.424;-816.809;1577.128;160.904;-344.194;1
1;699;1085.97;-256.424;-816.809;1578.66;160.964;-342.909;1
1;701;1085.97;-256.424;-816.809;1578.66;160.964;-342.909;1
0;702;-1062.02;569.286;-827.713;1-383.502;513.726;-385.568;1
0;704;-1062.02;569.286;-827.713;1-383.685;512.753;-385.708;1
1;704;1085.97;-256.424;-816.809;1578.66;160.964;-342.909;1
0;708;-1062.02;569.286;-827.713;1-383.685;512.753;-385.708;1
0;711;-1062.02;569.286;-827.713;1-383.685;512.753;-385.708;1
1;711;1085.97;-256.424;-816.809;1578.66;160.964;-342.909;1
1;712;1085.97;-256.424;-816.809;1579.425;160.995;-342.267;1
1;713;1085.97;-256.424;-816.809;1578.66;160.964;-342.909;1
0;714;-1062.02;569.286;-827.713;1-384.945;512.767;-384.155;1
1;714;1085.97;-256.424;-816.809;1576.907;159.978;-343.886;1
0;716;-1062.02;569.286;-827.713;1-382.242;513.712;-387.122;1
1;716;1085.97;-256.424;-816.809;1578.66;160.964;-342.909;1
0;717;-1062.02;569.286;-827.713;1-382.425;512.739;-387.261;1
1;717;1085.97;-256.424;-816.809;1578.66;160.964;-342.909;1
1;719;1085.97;-256.424;-816.809;1578.66;160.964;-342.909;1
1;720;1085.97;-256.424;-816.809;1578.66;160.964;-342.909;1
1;721;1085.97;-256.424;-816.809;1578.66;160.964;-342.909;1
1;722;1085.97;-256.424;-816.809;1578.66;160.964;-342.909;1
0;723;-1062.02;569.286;-827.713;1-383.685;512.753;-385.708;1
1;723;1085.97;-256.424;-816.809;1578.66;160.964;-342.909;1
1;725;1085.97;-256.424;-816.809;1575.375;159.917;-345.171;1
1;726;1085.97;-256.424;-816.809;1578.66;160.964;-342.909;1
0;727;-1062.02;569.286;-827.713;1-384.762;513.74;-384.015;1
0;729;-1062.02;569.286;-827.713;1-384.762;513.74;-384.015;1
1;729;1085.97;-256.424;-816.809;1579.425;160.995;-342.267;1
0;730;-1062.02;569.286;-827.713;1-384.762;513.74;-384.015;1
1;731;1085.97;-256.424;-816.809;1576.907;159.978;-343.886;1
0;733;-1062.02;569.286;-827.713;1-382.425;512.739;-387.261;1
1;734;1085.97;-256.424;-816.809;1578.66;160.964;-342.909;1
0;735;-1062.02;569.286;-827.713;1-383.685;512.753;-385.708;1
1;735;1085.97;-256.424;-816.809;1578.66;160.964;-342.909;1
0;736;-1062.02;569.286;-827.713;1-383.685;512.753;-385.708;1
1;738;1085.97;-256.424;-816.809;1578.66;160.964;-342.909;1
1;740;1085.97;-256.424;-816.809;1578.66;160.964;-342.909;1
1;741;1085.97;-256.424;-816.809;1579.425;160.995;-342.267;1
0;742;-1062.02;569.286;-827.713;1-383.685;512.753;-385.708;1
1;743;1085.97;-256.424;-816.809;1578.66;160.964;-342.909;1
0;744;-1062.02;569.286;-827.713;1-382.425;512.739;-387.261;1
1;746;1085.97;-256.424;-816.809;1578.66;160.964;-342.909;1
0;748;-1062.02;569.286;-827.713;1-384.945;512.767;-384.155;1
1;749;1085.97;-256.424;-816.809;1578.66;160.964;-342.909;1
1;750;1085.97;-256.424;-816.809;1578.66;160.964;-342.909;1
0;754;-1062.02;569.286;-827.713;1-383.685;512.753;-385.708;1
0;755;-1062.02;569.286;-827.713;1-382.425;512.739;-387.261;1
1;756;1085.97;-256.424;-816.809;1578.66;160.964;-342.909;1
0;757;-1062.02;569.286;-827.713;1-384.945;512.767;-384.155;1
1;758;1085.97;-256.424;-816.809;1578.66;160.964;-342.909;1
1;759;1085.97;-256.424;-816.809;1578.66;160.964;-342.909;1
0;760;-1062.02;569.286;-827.713;1-384.945;512.767;-384.155;1
1;761;1085.97;-256.424;-816.809;1578.66;160.964;-342.909;1
1;762;1085.97;-256.424;-816.809;1578.66;160.964;-342.909;1
0;763;-1062.02;569.286;-827.713;1-384.762;513.74;-384.015;1
1;765;1085.97;-256.424;-816.809;1578.66;160.964;-342.909;1
1;767;1085.97;-256.424;-816.809;1578.66;160.964;-342.909;1
0;768;-1062.02;569.286;-827.713;1-383.502;513.726;-385.568;1
1;768;1085.97;-256.424;-816.809;1578.66;160.964;-342.909;1
0;769;-1062.02;569.286;-827.713;1-384.945;512.767;-384.155;1
0;771;-1062.02;569.286;-827.713;1-382.425;512.739;-387.261;1
1;771;1085.97;-256.424;-816.809;1578.66;160.964;-342.909;1
0;772;-1062.02;569.286;-827.713;1-383.685;512.753;-385.708;1
1;773;1085.97;-256.424;-816.809;1578.66;160.964;-342.909;1
1;774;1085.97;-256.424;-816.809;1578.66;160.964;-342.909;1
0;776;-1062.02;569.286;-827.713;1-383.685;512.753;-385.708;1
1;776;1085.97;-256.424;-816.809;1578.66;160.964;-342.909;1
1;777;1085.97;-256.424;-816.809;1578.66;160.964;-342.909;1
0;778;-1062.02;569.286;-827.713;1-384.945;512.767;-384.155;1
0;779;-1062.02;569.286;-827.713;1-382.425;512.739;-387.261;1
1;779;1085.97;-256.424;-816.809;1576.686;159.053;-343.579;1
0;780;-1062.02;569.286;-827.713;1-382.425;512.739;-387.261;1
1;780;1085.97;-256.424;-816.809;1578.66;160.964;-342.909;1
0;781;-1062.02;569.286;-827.713;1-384.945;512.767;-384.155;1
0;783;-1062.02;569.286;-827.713;1-384.945;512.767;-384.155;1
0;785;-1062.02;569.286;-827.713;1-382.425;512.739;-387.261;1
0;787;-1062.02;569.286;-827.713;1-384.762;513.74;-384.015;1
1;788;1085.97;-256.424;-816.809;1578.66;160.964;-342.909;1
1;791;1085.97;-256.424;-816.809;1581.944;162.011;-340.647;1
0;793;-1062.02;569.286;-827.713;1-377.832;513.663;-392.558;1
0;794;-1062.02;569.286;-827.713;1-377.65;514.636;-392.418;1
1;795;1085.97;-256.424;-816.809;1596.188;170.827;-333.138;1
0;796;-1062.02;569.286;-827.713;1-371.98;514.573;-399.407;1
1;796;1085.97;-256.424;-816.809;1601.991;172.891;-329.257;1
1;797;1085.97;-256.424;-816.809;1606.484;175.819;-326.968;1
1;798;1085.97;-256.424;-816.809;1608.237;176.806;-325.99;1
0;799;-1062.02;569.286;-827.713;1-365.68;514.503;-407.173;1
1;799;1085.97;-256.424;-816.809;1616.559;179.886;-320.49;1
0;801;-1062.02;569.286;-827.713;1-360.64;514.447;-413.385;1
1;801;1085.97;-256.424;-816.809;1627.297;186.729;-314.935;1
1;802;1085.97;-256.424;-816.809;1634.087;189.749;-310.719;1
1;803;1085.97;-256.424;-816.809;1636.061;191.661;-310.049;1
1;804;1085.97;-256.424;-816.809;1645.37;195.697;-304.214;1
1;805;1085.97;-256.424;-816.809;1651.616;199.612;-300.947;1
1;806;1085.97;-256.424;-816.809;1657.64;202.601;-297.374;1
1;807;1085.97;-256.424;-816.809;1663.665;205.59;-293.8;1
1;808;1085.97;-256.424;-816.809;1669.689;208.579;-290.226;1
1;809;1085.97;-256.424;-816.809;1675.713;211.568;-286.653;1
1;810;1085.97;-256.424;-816.809;1680.206;214.497;-284.363;1
1;811;1085.97;-256.424;-816.809;1686.23;217.486;-280.79;1
1;812;1085.97;-256.424;-816.809;1693.021;220.506;-276.574;1
1;813;1085.97;-256.424;-816.809;1696.526;222.478;-274.62;1
1;814;1085.97;-256.424;-816.809;1701.564;224.512;-271.381;1
1;815;1085.97;-256.424;-816.809;1705.835;226.514;-268.784;1
1;816;1085.97;-256.424;-816.809;1709.12;227.562;-266.523;1
1;817;1085.97;-256.424;-816.809;1712.847;230.46;-264.876;1
1;818;1085.97;-256.424;-816.809;1715.587;232.402;-263.564;1
1;819;1085.97;-256.424;-816.809;1716.352;232.432;-262.922;1
1;820;1085.97;-256.424;-816.809;1719.637;233.479;-260.66;1
1;821;1085.97;-256.424;-816.809;1720.079;235.33;-261.275;1
1;822;1085.97;-256.424;-816.809;1720.624;234.435;-260.325;1
1;823;1085.97;-256.424;-816.809;1716.352;232.432;-262.922;1
1;824;1085.97;-256.424;-816.809;1722.377;235.421;-259.348;1
1;825;1085.97;-256.424;-816.809;1720.624;234.435;-260.325;1
1;826;1085.97;-256.424;-816.809;1722.377;235.421;-259.348;1
1;827;1085.97;-256.424;-816.809;1720.624;234.435;-260.325;1
1;828;1085.97;-256.424;-816.809;1720.624;234.435;-260.325;1
1;829;1085.97;-256.424;-816.809;1720.624;234.435;-260.325;1
1;830;1085.97;-256.424;-816.809;1720.845;235.361;-260.632;1
1;831;1085.97;-256.424;-816.809;1720.624;234.435;-260.325;1
1;832;1085.97;-256.424;-816.809;1720.624;234.435;-260.325;1
1;833;1085.97;-256.424;-816.809;1720.624;234.435;-260.325;1
1;834;1085.97;-256.424;-816.809;1720.624;234.435;-260.325;1
1;835;1085.97;-256.424;-816.809;1720.624;234.435;-260.325;1
1;836;1085.97;-256.424;-816.809;1718.326;234.344;-262.252;1
1;837;1085.97;-256.424;-816.809;1720.624;234.435;-260.325;1
1;838;1085.97;-256.424;-816.809;1718.105;233.418;-261.944;1
1;839;1085.97;-256.424;-816.809;1720.624;234.435;-260.325;1
1;840;1085.97;-256.424;-816.809;1720.624;234.435;-260.325;1
1;841;1085.97;-256.424;-816.809;1718.871;233.449;-261.302;1
1;842;1085.97;-256.424;-816.809;1720.624;234.435;-260.325;1
1;843;1085.97;-256.424;-816.809;1720.624;234.435;-260.325;1
1;844;1085.97;-256.424;-816.809;1718.326;234.344;-262.252;1
1;845;1085.97;-256.424;-816.809;1720.624;234.435;-260.325;1
1;846;1085.97;-256.424;-816.809;1720.624;234.435;-260.325;1
1;847;1085.97;-256.424;-816.809;1720.624;234.435;-260.325;1
1;848;1085.97;-256.424;-816.809;1720.845;235.361;-260.632;1
1;849;1085.97;-256.424;-816.809;1720.845;235.361;-260.632;1
1;850;1085.97;-256.424;-816.809;1718.105;233.418;-261.944;1
1;851;1085.97;-256.424;-816.809;1720.624;234.435;-260.325;1
1;852;1085.97;-256.424;-816.809;1720.624;234.435;-260.325;1
1;853;1085.97;-256.424;-816.809;1720.624;234.435;-260.325;1
1;854;1085.97;-256.424;-816.809;1718.871;233.449;-261.302;1
1;855;1085.97;-256.424;-816.809;1720.845;235.361;-260.632;1
1;856;1085.97;-256.424;-816.809;1720.845;235.361;-260.632;1
1;857;1085.97;-256.424;-816.809;1720.845;235.361;-260.632;1
1;858;1085.97;-256.424;-816.809;1720.624;234.435;-260.325;1
1;859;1085.97;-256.424;-816.809;1720.845;235.361;-260.632;1
1;860;1085.97;-256.424;-816.809;1720.624;234.435;-260.325;1
1;861;1085.97;-256.424;-816.809;1720.624;234.435;-260.325;1
1;862;1085.97;-256.424;-816.809;1720.624;234.435;-260.325;1
1;863;1085.97;-256.424;-816.809;1720.624;234.435;-260.325;1
1;864;1085.97;-256.424;-816.809;1721.066;236.286;-260.94;1
1;865;1085.97;-256.424;-816.809;1720.624;234.435;-260.325;1
1;866;1085.97;-256.424;-816.809;1718.105;233.418;-261.944;1
1;867;1085.97;-256.424;-816.809;1720.624;234.435;-260.325;1
0;868;-1062.02;569.286;-827.713;1-327.149;517.975;-453.209;1
1;868;1085.97;-256.424;-816.809;1720.624;234.435;-260.325;1
0;869;-1062.02;569.286;-827.713;1-328.592;517.016;-451.795;1
1;869;1085.97;-256.424;-816.809;1720.845;235.361;-260.632;1
0;870;-1062.02;569.286;-827.713;1-328.409;517.989;-451.656;1
1;870;1085.97;-256.424;-816.809;1720.624;234.435;-260.325;1
1;871;1085.97;-256.424;-816.809;1720.845;235.361;-260.632;1
0;872;-1062.02;569.286;-827.713;1-328.409;517.989;-451.656;1
1;872;1085.97;-256.424;-816.809;1720.624;234.435;-260.325;1
0;873;-1062.02;569.286;-827.713;1-328.409;517.989;-451.656;1
1;873;1085.97;-256.424;-816.809;1720.624;234.435;-260.325;1
1;874;1085.97;-256.424;-816.809;1720.624;234.435;-260.325;1
0;875;-1062.02;569.286;-827.713;1-328.409;517.989;-451.656;1
1;875;1085.97;-256.424;-816.809;1720.624;234.435;-260.325;1
0;876;-1062.02;569.286;-827.713;1-328.409;517.989;-451.656;1
1;876;1085.97;-256.424;-816.809;1720.624;234.435;-260.325;1
1;877;1085.97;-256.424;-816.809;1716.574;233.358;-263.229;1
1;878;1085.97;-256.424;-816.809;1718.105;233.418;-261.944;1
1;879;1085.97;-256.424;-816.809;1720.624;234.435;-260.325;1
1;880;1085.97;-256.424;-816.809;1720.624;234.435;-260.325;1
1;881;1085.97;-256.424;-816.809;1720.624;234.435;-260.325;1
0;882;-1062.02;569.286;-827.713;1-328.409;517.989;-451.656;1
1;882;1085.97;-256.424;-816.809;1720.624;234.435;-260.325;1
1;883;1085.97;-256.424;-816.809;1720.845;235.361;-260.632;1
0;884;-1062.02;569.286;-827.713;1-328.409;517.989;-451.656;1
1;884;1085.97;-256.424;-816.809;1720.624;234.435;-260.325;1
1;885;1085.97;-256.424;-816.809;1720.624;234.435;-260.325;1
1;886;1085.97;-256.424;-816.809;1720.624;234.435;-260.325;1
1;887;1085.97;-256.424;-816.809;1718.105;233.418;-261.944;1
0;888;-1062.02;569.286;-827.713;1-328.592;517.016;-451.795;1
1;888;1085.97;-256.424;-816.809;1720.624;234.435;-260.325;1
0;889;-1062.02;569.286;-827.713;1-328.409;517.989;-451.656;1
1;889;1085.97;-256.424;-816.809;1718.105;233.418;-261.944;1
1;890;1085.97;-256.424;-816.809;1722.377;235.421;-259.348;1
1;891;1085.97;-256.424;-816.809;1720.624;234.435;-260.325;1
1;892;1085.97;-256.424;-816.809;1720.845;235.361;-260.632;1
1;893;1085.97;-256.424;-816.809;1720.845;235.361;-260.632;1
0;894;-1062.02;569.286;-827.713;1-328.409;517.989;-451.656;1
1;894;1085.97;-256.424;-816.809;1720.624;234.435;-260.325;1
0;895;-1062.02;569.286;-827.713;1-328.409;517.989;-451.656;1
1;895;1085.97;-256.424;-816.809;1718.105;233.418;-261.944;1
1;896;1085.97;-256.424;-816.809;1720.845;235.361;-260.632;1
1;897;1085.97;-256.424;-816.809;1720.624;234.435;-260.325;1
0;898;-1062.02;569.286;-827.713;1-329.039;517.996;-450.879;1
1;898;1085.97;-256.424;-816.809;1720.624;234.435;-260.325;1
1;899;1085.97;-256.424;-816.809;1722.377;235.421;-259.348;1
1;900;1085.97;-256.424;-816.809;1720.624;234.435;-260.325;1
1;901;1085.97;-256.424;-816.809;1720.624;234.435;-260.325;1
1;902;1085.97;-256.424;-816.809;1720.624;234.435;-260.325;1
0;903;-1062.02;569.286;-827.713;1-328.409;517.989;-451.656;1
1;903;1085.97;-256.424;-816.809;1720.624;234.435;-260.325;1
0;904;-1062.02;569.286;-827.713;1-328.409;517.989;-451.656;1
1;904;1085.97;-256.424;-816.809;1720.624;234.435;-260.325;1
1;905;1085.97;-256.424;-816.809;1718.105;233.418;-261.944;1
1;906;1085.97;-256.424;-816.809;1720.845;235.361;-260.632;1
1;907;1085.97;-256.424;-816.809;1720.845;235.361;-260.632;1
0;908;-1062.02;569.286;-827.713;1-328.409;517.989;-451.656;1
1;908;1085.97;-256.424;-816.809;1720.624;234.435;-260.325;1
0;909;-1062.02;569.286;-827.713;1-328.409;517.989;-451.656;1
1;909;1085.97;-256.424;-816.809;1720.624;234.435;-260.325;1
1;910;1085.97;-256.424;-816.809;1718.871;233.449;-261.302;1
1;911;1085.97;-256.424;-816.809;1720.845;235.361;-260.632;1
1;912;1085.97;-256.424;-816.809;1720.624;234.435;-260.325;1
0;913;-1062.02;569.286;-827.713;1-328.409;517.989;-451.656;1
1;913;1085.97;-256.424;-816.809;1722.156;234.496;-259.04;1
1;914;1085.97;-256.424;-816.809;1722.156;234.496;-259.04;1
0;915;-1062.02;569.286;-827.713;1-329.039;517.996;-450.879;1
1;915;1085.97;-256.424;-816.809;1722.922;234.526;-258.398;1
0;916;-1062.02;569.286;-827.713;1-329.669;518.003;-450.103;1
1;916;1085.97;-256.424;-816.809;1721.714;232.645;-258.426;1
1;917;1085.97;-256.424;-816.809;1723.467;233.631;-257.449;1
1;918;1085.97;-256.424;-816.809;1724.011;232.736;-256.499;1
0;919;-1062.02;569.286;-827.713;1-331.559;518.024;-447.773;1
1;919;1085.97;-256.424;-816.809;1722.803;230.854;-256.526;1
1;920;1085.97;-256.424;-816.809;1724.335;230.915;-255.242;1
1;921;1085.97;-256.424;-816.809;1726.412;230.081;-253.008;1
0;922;-1062.02;569.286;-827.713;1-334.262;517.079;-444.806;1
1;922;1085.97;-256.424;-816.809;1726.735;228.26;-251.751;1
1;923;1085.97;-256.424;-816.809;1728.046;227.395;-250.159;1
0;924;-1062.02;569.286;-827.713;1-335.969;518.073;-442.337;1
1;924;1085.97;-256.424;-816.809;1729.357;226.53;-248.567;1
1;925;1085.97;-256.424;-816.809;1729.46;223.784;-247.003;1
0;926;-1062.02;569.286;-827.713;1-338.489;518.101;-439.231;1
1;926;1085.97;-256.424;-816.809;1730.991;223.845;-245.718;1
1;927;1085.97;-256.424;-816.809;1731.86;221.129;-243.511;1
1;928;1085.97;-256.424;-816.809;1733.392;221.19;-242.227;1
0;929;-1062.02;569.286;-827.713;1-341.639;518.136;-435.348;1
1;929;1085.97;-256.424;-816.809;1733.494;218.443;-240.662;1
1;930;1085.97;-256.424;-816.809;1734.805;217.578;-239.071;1
0;931;-1062.02;569.286;-827.713;1-344.789;518.171;-431.465;1
1;931;1085.97;-256.424;-816.809;1735.895;215.788;-237.171;1
0;932;-1062.02;569.286;-827.713;1-346.049;518.185;-429.912;1
1;932;1085.97;-256.424;-816.809;1736.984;213.998;-235.272;1
1;933;1085.97;-256.424;-816.809;1738.074;212.207;-233.373;1
1;934;1085.97;-256.424;-816.809;1739.164;210.417;-231.474;1
0;935;-1062.02;569.286;-827.713;1-350.459;518.234;-424.476;1
1;935;1085.97;-256.424;-816.809;1739.708;209.522;-230.524;1
1;936;1085.97;-256.424;-816.809;1742.33;207.792;-227.34;1
0;937;-1062.02;569.286;-827.713;1-353.609;518.269;-420.593;1
1;937;1085.97;-256.424;-816.809;1741.888;205.941;-226.725;1
1;938;1085.97;-256.424;-816.809;1744.509;204.211;-223.542;1
1;939;1085.97;-256.424;-816.809;1745.599;202.421;-221.642;1
0;940;-1062.02;569.286;-827.713;1-356.759;518.305;-416.711;1
1;940;1085.97;-256.424;-816.809;1745.378;201.495;-221.335;1
0;941;-1062.02;569.286;-827.713;1-358.649;518.326;-414.381;1
1;941;1085.97;-256.424;-816.809;1747.454;200.661;-219.101;1
0;942;-1062.02;569.286;-827.713;1-359.279;518.333;-413.604;1
1;942;1085.97;-256.424;-816.809;1747.012;198.81;-218.486;1
0;943;-1062.02;569.286;-827.713;1-360.539;518.347;-412.051;1
1;943;1085.97;-256.424;-816.809;1749.089;197.975;-216.252;1
1;944;1085.97;-256.424;-816.809;1747.881;196.094;-216.279;1
0;945;-1062.02;569.286;-827.713;1-361.799;518.361;-410.498;1
1;945;1085.97;-256.424;-816.809;1749.413;196.155;-214.995;1
0;946;-1062.02;569.286;-827.713;1-361.616;519.334;-410.359;1
1;946;1085.97;-256.424;-816.809;1750.178;196.185;-214.353;1
1;947;1085.97;-256.424;-816.809;1749.413;196.155;-214.995;1
0;948;-1062.02;569.286;-827.713;1-361.616;519.334;-410.359;1
1;948;1085.97;-256.424;-816.809;1750.944;196.215;-213.71;1
0;949;-1062.02;569.286;-827.713;1-361.799;518.361;-410.498;1
1;949;1085.97;-256.424;-816.809;1750.178;196.185;-214.353;1
0;950;-1062.02;569.286;-827.713;1-361.799;518.361;-410.498;1
1;950;1085.97;-256.424;-816.809;1749.413;196.155;-214.995;1
0;951;-1062.02;569.286;-827.713;1-361.799;518.361;-410.498;1
1;951;1085.97;-256.424;-816.809;1750.178;196.185;-214.353;1
0;952;-1062.02;569.286;-827.713;1-361.799;518.361;-410.498;1
1;952;1085.97;-256.424;-816.809;1750.178;196.185;-214.353;1
1;953;1085.97;-256.424;-816.809;1749.957;195.259;-214.045;1
0;954;-1062.02;569.286;-827.713;1-361.799;518.361;-410.498;1
1;954;1085.97;-256.424;-816.809;1750.178;196.185;-214.353;1
1;955;1085.97;-256.424;-816.809;1750.178;196.185;-214.353;1
0;956;-1062.02;569.286;-827.713;1-361.799;518.361;-410.498;1
1;956;1085.97;-256.424;-816.809;1750.178;196.185;-214.353;1
0;957;-1062.02;569.286;-827.713;1-361.799;518.361;-410.498;1
1;957;1085.97;-256.424;-816.809;1751.71;196.246;-213.068;1
0;958;-1062.02;569.286;-827.713;1-361.799;518.361;-410.498;1
1;958;1085.97;-256.424;-816.809;1750.178;196.185;-214.353;1
0;959;-1062.02;569.286;-827.713;1-361.799;518.361;-410.498;1
1;959;1085.97;-256.424;-816.809;1750.178;196.185;-214.353;1
0;960;-1062.02;569.286;-827.713;1-361.799;518.361;-410.498;1
1;960;1085.97;-256.424;-816.809;1750.178;196.185;-214.353;1
1;961;1085.97;-256.424;-816.809;1750.178;196.185;-214.353;1
0;962;-1062.02;569.286;-827.713;1-360.539;518.347;-412.051;1
1;962;1085.97;-256.424;-816.809;1750.178;196.185;-214.353;1
1;963;1085.97;-256.424;-816.809;1751.71;196.246;-213.068;1
0;964;-1062.02;569.286;-827.713;1-361.799;518.361;-410.498;1
1;964;1085.97;-256.424;-816.809;1749.413;196.155;-214.995;1
0;965;-1062.02;569.286;-827.713;1-361.799;518.361;-410.498;1
1;965;1085.97;-256.424;-816.809;1750.178;196.185;-214.353;1
0;966;-1062.02;569.286;-827.713;1-361.799;518.361;-410.498;1
1;966;1085.97;-256.424;-816.809;1750.178;196.185;-214.353;1
0;967;-1062.02;569.286;-827.713;1-361.799;518.361;-410.498;1
1;967;1085.97;-256.424;-816.809;1750.178;196.185;-214.353;1
1;968;1085.97;-256.424;-816.809;1751.931;197.171;-213.375;1
0;969;-1062.02;569.286;-827.713;1-361.799;518.361;-410.498;1
1;969;1085.97;-256.424;-816.809;1750.178;196.185;-214.353;1
0;970;-1062.02;569.286;-827.713;1-361.799;518.361;-410.498;1
1;970;1085.97;-256.424;-816.809;1750.178;196.185;-214.353;1
0;971;-1062.02;569.286;-827.713;1-361.799;518.361;-410.498;1
1;971;1085.97;-256.424;-816.809;1750.178;196.185;-214.353;1
0;972;-1062.02;569.286;-827.713;1-361.799;518.361;-410.498;1
1;972;1085.97;-256.424;-816.809;1750.178;196.185;-214.353;1
0;973;-1062.02;569.286;-827.713;1-361.799;518.361;-410.498;1
1;973;1085.97;-256.424;-816.809;1748.647;196.124;-215.637;1
0;974;-1062.02;569.286;-827.713;1-361.799;518.361;-410.498;1
1;974;1085.97;-256.424;-816.809;1750.178;196.185;-214.353;1
0;975;-1062.02;569.286;-827.713;1-361.799;518.361;-410.498;1
1;975;1085.97;-256.424;-816.809;1750.178;196.185;-214.353;1
0;976;-1062.02;569.286;-827.713;1-361.799;518.361;-410.498;1
1;976;1085.97;-256.424;-816.809;1751.71;196.246;-213.068;1
0;977;-1062.02;569.286;-827.713;1-360.539;518.347;-412.051;1
1;977;1085.97;-256.424;-816.809;1750.178;196.185;-214.353;1
0;978;-1062.02;569.286;-827.713;1-361.799;518.361;-410.498;1
1;978;1085.97;-256.424;-816.809;1750.178;196.185;-214.353;1
1;979;1085.97;-256.424;-816.809;1750.178;196.185;-214.353;1
1;980;1085.97;-256.424;-816.809;1750.944;196.215;-213.71;1
0;981;-1062.02;569.286;-827.713;1-361.616;519.334;-410.359;1
1;981;1085.97;-256.424;-816.809;1750.178;196.185;-214.353;1
1;982;1085.97;-256.424;-816.809;1750.178;196.185;-214.353;1
0;983;-1062.02;569.286;-827.713;1-361.799;518.361;-410.498;1
1;983;1085.97;-256.424;-816.809;1750.178;196.185;-214.353;1
0;984;-1062.02;569.286;-827.713;1-361.799;518.361;-410.498;1
1;984;1085.97;-256.424;-816.809;1750.178;196.185;-214.353;1
0;985;-1062.02;569.286;-827.713;1-361.799;518.361;-410.498;1
1;985;1085.97;-256.424;-816.809;1750.178;196.185;-214.353;1
1;986;1085.97;-256.424;-816.809;1750.178;196.185;-214.353;1
0;987;-1062.02;569.286;-827.713;1-361.616;519.334;-410.359;1
1;987;1085.97;-256.424;-816.809;1750.178;196.185;-214.353;1
0;988;-1062.02;569.286;-827.713;1-361.799;518.361;-410.498;1
1;988;1085.97;-256.424;-816.809;1751.71;196.246;-213.068;1
0;989;-1062.02;569.286;-827.713;1-361.799;518.361;-410.498;1
1;989;1085.97;-256.424;-816.809;1749.413;196.155;-214.995;1
0;990;-1062.02;569.286;-827.713;1-361.799;518.361;-410.498;1
1;990;1085.97;-256.424;-816.809;1750.178;196.185;-214.353;1
0;991;-1062.02;569.286;-827.713;1-361.799;518.361;-410.498;1
1;991;1085.97;-256.424;-816.809;1748.426;195.199;-215.33;1
0;992;-1062.02;569.286;-827.713;1-361.799;518.361;-410.498;1
1;992;1085.97;-256.424;-816.809;1750.178;196.185;-214.353;1
0;993;-1062.02;569.286;-827.713;1-361.799;518.361;-410.498;1
1;993;1085.97;-256.424;-816.809;1750.178;196.185;-214.353;1
0;994;-1062.02;569.286;-827.713;1-361.799;518.361;-410.498;1
1;994;1085.97;-256.424;-816.809;1750.178;196.185;-214.353;1
0;995;-1062.02;569.286;-827.713;1-361.799;518.361;-410.498;1
1;995;1085.97;-256.424;-816.809;1749.957;195.259;-214.045;1
0;996;-1062.02;569.286;-827.713;1-361.799;518.361;-410.498;1
1;996;1085.97;-256.424;-816.809;1750.178;196.185;-214.353;1
1;997;1085.97;-256.424;-816.809;1750.178;196.185;-214.353;1
0;998;-1062.02;569.286;-827.713;1-361.799;518.361;-410.498;1
1;998;1085.97;-256.424;-816.809;1750.178;196.185;-214.353;1
1;999;1085.97;-256.424;-816.809;1749.413;196.155;-214.995;1
0;1000;-1062.02;569.286;-827.713;1-361.799;518.361;-410.498;1
1;1000;1085.97;-256.424;-816.809;1749.957;195.259;-214.045;1
0;1001;-1062.02;569.286;-827.713;1-361.799;518.361;-410.498;1
1;1001;1085.97;-256.424;-816.809;1750.178;196.185;-214.353;1
0;1002;-1062.02;569.286;-827.713;1-361.799;518.361;-410.498;1
1;1002;1085.97;-256.424;-816.809;1749.413;196.155;-214.995;1
0;1003;-1062.02;569.286;-827.713;1-361.799;518.361;-410.498;1
1;1003;1085.97;-256.424;-816.809;1750.178;196.185;-214.353;1
0;1004;-1062.02;569.286;-827.713;1-361.799;518.361;-410.498;1
1;1004;1085.97;-256.424;-816.809;1750.178;196.185;-214.353;1
0;1005;-1062.02;569.286;-827.713;1-361.799;518.361;-410.498;1
1;1005;1085.97;-256.424;-816.809;1750.178;196.185;-214.353;1
0;1006;-1062.02;569.286;-827.713;1-361.799;518.361;-410.498;1
1;1006;1085.97;-256.424;-816.809;1751.71;196.246;-213.068;1
0;1007;-1062.02;569.286;-827.713;1-361.799;518.361;-410.498;1
1;1007;1085.97;-256.424;-816.809;1751.71;196.246;-213.068;1
0;1008;-1062.02;569.286;-827.713;1-361.799;518.361;-410.498;1
1;1008;1085.97;-256.424;-816.809;1750.178;196.185;-214.353;1
1;1009;1085.97;-256.424;-816.809;1750.178;196.185;-214.353;1
0;1010;-1062.02;569.286;-827.713;1-361.799;518.361;-410.498;1
1;1010;1085.97;-256.424;-816.809;1749.192;195.229;-214.687;1
0;1011;-1062.02;569.286;-827.713;1-361.616;519.334;-410.359;1
1;1011;1085.97;-256.424;-816.809;1750.178;196.185;-214.353;1
0;1012;-1062.02;569.286;-827.713;1-360.539;518.347;-412.051;1
1;1012;1085.97;-256.424;-816.809;1748.426;195.199;-215.33;1
1;1013;1085.97;-256.424;-816.809;1750.178;196.185;-214.353;1
1;1014;1085.97;-256.424;-816.809;1751.931;197.171;-213.375;1
0;1015;-1062.02;569.286;-827.713;1-361.799;518.361;-410.498;1
1;1015;1085.97;-256.424;-816.809;1750.178;196.185;-214.353;1
0;1016;-1062.02;569.286;-827.713;1-361.799;518.361;-410.498;1
1;1016;1085.97;-256.424;-816.809;1750.944;196.215;-213.71;1
0;1017;-1062.02;569.286;-827.713;1-361.799;518.361;-410.498;1
1;1017;1085.97;-256.424;-816.809;1750.178;196.185;-214.353;1
1;1018;1085.97;-256.424;-816.809;1750.178;196.185;-214.353;1
1;1019;1085.97;-256.424;-816.809;1750.178;196.185;-214.353;1
1;1020;1085.97;-256.424;-816.809;1750.178;196.185;-214.353;1
1;1021;1085.97;-256.424;-816.809;1746.894;195.138;-216.614;1
0;1022;-1062.02;569.286;-827.713;1-361.799;518.361;-410.498;1
1;1022;1085.97;-256.424;-816.809;1750.944;196.215;-213.71;1
0;1023;-1062.02;569.286;-827.713;1-361.799;518.361;-410.498;1
1;1023;1085.97;-256.424;-816.809;1750.178;196.185;-214.353;1
0;1024;-1062.02;569.286;-827.713;1-361.799;518.361;-410.498;1
1;1024;1085.97;-256.424;-816.809;1748.426;195.199;-215.33;1
0;1025;-1062.02;569.286;-827.713;1-361.799;518.361;-410.498;1
1;1025;1085.97;-256.424;-816.809;1750.178;196.185;-214.353;1
0;1026;-1062.02;569.286;-827.713;1-361.799;518.361;-410.498;1
1;1026;1085.97;-256.424;-816.809;1750.178;196.185;-214.353;1
0;1027;-1062.02;569.286;-827.713;1-361.799;518.361;-410.498;1
1;1027;1085.97;-256.424;-816.809;1750.178;196.185;-214.353;1
1;1028;1085.97;-256.424;-816.809;1749.413;196.155;-214.995;1
0;1029;-1062.02;569.286;-827.713;1-361.616;519.334;-410.359;1
1;1029;1085.97;-256.424;-816.809;1750.178;196.185;-214.353;1
1;1030;1085.97;-256.424;-816.809;1750.178;196.185;-214.353;1
0;1031;-1062.02;569.286;-827.713;1-361.799;518.361;-410.498;1
1;1031;1085.97;-256.424;-816.809;1750.178;196.185;-214.353;1
0;1032;-1062.02;569.286;-827.713;1-361.799;518.361;-410.498;1
1;1032;1085.97;-256.424;-816.809;1750.178;196.185;-214.353;1
0;1033;-1062.02;569.286;-827.713;1-361.616;519.334;-410.359;1
1;1033;1085.97;-256.424;-816.809;1750.178;196.185;-214.353;1
0;1034;-1062.02;569.286;-827.713;1-361.799;518.361;-410.498;1
1;1034;1085.97;-256.424;-816.809;1750.178;196.185;-214.353;1
0;1035;-1062.02;569.286;-827.713;1-361.799;518.361;-410.498;1
1;1035;1085.97;-256.424;-816.809;1750.178;196.185;-214.353;1
1;1036;1085.97;-256.424;-816.809;1749.413;196.155;-214.995;1
1;1037;1085.97;-256.424;-816.809;1748.426;195.199;-215.33;1
0;1038;-1062.02;569.286;-827.713;1-363.059;518.375;-408.945;1
1;1038;1085.97;-256.424;-816.809;1745.907;194.182;-216.949;1
0;1039;-1062.02;569.286;-827.713;1-363.059;518.375;-408.945;1
1;1039;1085.97;-256.424;-816.809;1744.92;193.226;-217.284;1
1;1040;1085.97;-256.424;-816.809;1742.622;193.135;-219.211;1
1;1041;1085.97;-256.424;-816.809;1738.351;191.132;-221.807;1
0;1042;-1062.02;569.286;-827.713;1-367.469;518.424;-403.509;1
1;1042;1085.97;-256.424;-816.809;1735.611;189.19;-223.119;1
0;1043;-1062.02;569.286;-827.713;1-367.469;518.424;-403.509;1
1;1043;1085.97;-256.424;-816.809;1730.795;188.082;-226.665;1
0;1044;-1062.02;569.286;-827.713;1-369.359;518.445;-401.179;1
1;1044;1085.97;-256.424;-816.809;1727.068;185.184;-228.312;1
0;1045;-1062.02;569.286;-827.713;1-370.619;518.459;-399.626;1
1;1045;1085.97;-256.424;-816.809;1720.499;183.09;-232.836;1
0;1046;-1062.02;569.286;-827.713;1-371.879;518.473;-398.073;1
1;1046;1085.97;-256.424;-816.809;1716.006;180.162;-235.125;1
1;1047;1085.97;-256.424;-816.809;1710.968;178.128;-238.364;1
0;1048;-1062.02;569.286;-827.713;1-377.102;517.556;-392;1
1;1048;1085.97;-256.424;-816.809;1703.412;175.078;-243.222;1
0;1049;-1062.02;569.286;-827.713;1-379.439;518.557;-388.754;1
1;1049;1085.97;-256.424;-816.809;1697.388;172.089;-246.795;1
0;1050;-1062.02;569.286;-827.713;1-381.512;517.605;-386.564;1
1;1050;1085.97;-256.424;-816.809;1692.129;169.13;-249.727;1
0;1051;-1062.02;569.286;-827.713;1-384.032;517.633;-383.458;1
1;1051;1085.97;-256.424;-816.809;1684.794;167.006;-254.892;1
0;1052;-1062.02;569.286;-827.713;1-386.552;517.661;-380.351;1
1;1052;1085.97;-256.424;-816.809;1679.536;164.047;-257.824;1
0;1053;-1062.02;569.286;-827.713;1-389.884;516.723;-376.608;1
1;1053;1085.97;-256.424;-816.809;1673.732;161.983;-261.705;1
1;1054;1085.97;-256.424;-816.809;1666.721;158.038;-265.613;1
0;1055;-1062.02;569.286;-827.713;1-394.924;516.779;-370.396;1
1;1055;1085.97;-256.424;-816.809;1660.152;155.944;-270.137;1
0;1056;-1062.02;569.286;-827.713;1-397.444;516.807;-367.289;1
1;1056;1085.97;-256.424;-816.809;1655.438;152.09;-272.118;1
0;1057;-1062.02;569.286;-827.713;1-400.147;515.862;-364.322;1
1;1057;1085.97;-256.424;-816.809;1647.116;149.01;-277.619;1
0;1058;-1062.02;569.286;-827.713;1-402.667;515.89;-361.216;1
1;1058;1085.97;-256.424;-816.809;1645.584;148.949;-278.903;1
0;1059;-1062.02;569.286;-827.713;1-405.187;515.918;-358.11;1
1;1059;1085.97;-256.424;-816.809;1639.339;145.034;-282.17;1
0;1060;-1062.02;569.286;-827.713;1-407.89;514.973;-355.143;1
1;1060;1085.97;-256.424;-816.809;1632.769;142.94;-286.693;1
0;1061;-1062.02;569.286;-827.713;1-409.78;514.994;-352.813;1
1;1061;1085.97;-256.424;-816.809;1630.796;141.028;-287.363;1
0;1062;-1062.02;569.286;-827.713;1-412.3;515.022;-349.707;1
1;1062;1085.97;-256.424;-816.809;1625.758;138.995;-290.602;1
0;1063;-1062.02;569.286;-827.713;1-414.82;515.05;-346.601;1
1;1063;1085.97;-256.424;-816.809;1624.005;138.009;-291.579;1
0;1064;-1062.02;569.286;-827.713;1-415.45;515.057;-345.824;1
1;1064;1085.97;-256.424;-816.809;1618.968;135.976;-294.817;1
0;1065;-1062.02;569.286;-827.713;1-417.34;515.078;-343.495;1
1;1065;1085.97;-256.424;-816.809;1617.436;135.915;-296.102;1
0;1066;-1062.02;569.286;-827.713;1-417.97;515.085;-342.718;1
1;1066;1085.97;-256.424;-816.809;1615.462;134.003;-296.772;1
0;1067;-1062.02;569.286;-827.713;1-418.6;515.092;-341.941;1
1;1067;1085.97;-256.424;-816.809;1612.722;132.061;-298.084;1
0;1068;-1062.02;569.286;-827.713;1-419.86;515.106;-340.388;1
1;1068;1085.97;-256.424;-816.809;1612.177;132.956;-299.033;1
0;1069;-1062.02;569.286;-827.713;1-419.86;515.106;-340.388;1
0;1070;-1062.02;569.286;-827.713;1-419.23;515.099;-341.165;1
1;1070;1085.97;-256.424;-816.809;1612.399;133.882;-299.341;1
0;1071;-1062.02;569.286;-827.713;1-419.86;515.106;-340.388;1
1;1071;1085.97;-256.424;-816.809;1612.399;133.882;-299.341;1
0;1072;-1062.02;569.286;-827.713;1-419.86;515.106;-340.388;1
1;1072;1085.97;-256.424;-816.809;1613.93;133.942;-298.056;1
0;1073;-1062.02;569.286;-827.713;1-419.86;515.106;-340.388;1
0;1074;-1062.02;569.286;-827.713;1-419.86;515.106;-340.388;1
1;1074;1085.97;-256.424;-816.809;1611.191;132;-299.368;1
0;1075;-1062.02;569.286;-827.713;1-419.86;515.106;-340.388;1
1;1075;1085.97;-256.424;-816.809;1613.164;133.912;-298.698;1
0;1076;-1062.02;569.286;-827.713;1-419.86;515.106;-340.388;1
1;1077;1085.97;-256.424;-816.809;1610.646;132.895;-300.318;1
0;1078;-1062.02;569.286;-827.713;1-419.86;515.106;-340.388;1
1;1078;1085.97;-256.424;-816.809;1612.399;133.882;-299.341;1
0;1079;-1062.02;569.286;-827.713;1-419.86;515.106;-340.388;1
1;1079;1085.97;-256.424;-816.809;1612.177;132.956;-299.033;1
0;1080;-1062.02;569.286;-827.713;1-419.86;515.106;-340.388;1
1;1080;1085.97;-256.424;-816.809;1612.943;132.986;-298.391;1
0;1081;-1062.02;569.286;-827.713;1-419.86;515.106;-340.388;1
1;1081;1085.97;-256.424;-816.809;1612.177;132.956;-299.033;1
0;1082;-1062.02;569.286;-827.713;1-419.86;515.106;-340.388;1
1;1082;1085.97;-256.424;-816.809;1612.399;133.882;-299.341;1
0;1083;-1062.02;569.286;-827.713;1-419.86;515.106;-340.388;1
1;1083;1085.97;-256.424;-816.809;1612.177;132.956;-299.033;1
0;1084;-1062.02;569.286;-827.713;1-419.86;515.106;-340.388;1
1;1084;1085.97;-256.424;-816.809;1613.164;133.912;-298.698;1
0;1085;-1062.02;569.286;-827.713;1-421.12;515.12;-338.835;1
1;1085;1085.97;-256.424;-816.809;1612.399;133.882;-299.341;1
0;1086;-1062.02;569.286;-827.713;1-419.86;515.106;-340.388;1
1;1086;1085.97;-256.424;-816.809;1612.399;133.882;-299.341;1
0;1087;-1062.02;569.286;-827.713;1-419.86;515.106;-340.388;1
0;1088;-1062.02;569.286;-827.713;1-419.86;515.106;-340.388;1
1;1088;1085.97;-256.424;-816.809;1612.177;132.956;-299.033;1
0;1089;-1062.02;569.286;-827.713;1-419.86;515.106;-340.388;1
1;1089;1085.97;-256.424;-816.809;1612.399;133.882;-299.341;1
0;1090;-1062.02;569.286;-827.713;1-419.86;515.106;-340.388;1
0;1091;-1062.02;569.286;-827.713;1-419.86;515.106;-340.388;1
0;1092;-1062.02;569.286;-827.713;1-419.86;515.106;-340.388;1
0;1093;-1062.02;569.286;-827.713;1-419.86;515.106;-340.388;1
1;1093;1085.97;-256.424;-816.809;1612.943;132.986;-298.391;1
0;1094;-1062.02;569.286;-827.713;1-419.86;515.106;-340.388;1
1;1094;1085.97;-256.424;-816.809;1612.177;132.956;-299.033;1
0;1095;-1062.02;569.286;-827.713;1-419.86;515.106;-340.388;1
1;1095;1085.97;-256.424;-816.809;1612.943;132.986;-298.391;1
0;1096;-1062.02;569.286;-827.713;1-419.86;515.106;-340.388;1
1;1096;1085.97;-256.424;-816.809;1613.164;133.912;-298.698;1
0;1097;-1062.02;569.286;-827.713;1-419.86;515.106;-340.388;1
1;1097;1085.97;-256.424;-816.809;1612.399;133.882;-299.341;1
0;1098;-1062.02;569.286;-827.713;1-419.86;515.106;-340.388;1
1;1098;1085.97;-256.424;-816.809;1612.399;133.882;-299.341;1
0;1099;-1062.02;569.286;-827.713;1-419.86;515.106;-340.388;1
1;1099;1085.97;-256.424;-816.809;1613.164;133.912;-298.698;1
0;1100;-1062.02;569.286;-827.713;1-419.86;515.106;-340.388;1
0;1101;-1062.02;569.286;-827.713;1-421.12;515.12;-338.835;1
1;1101;1085.97;-256.424;-816.809;1612.177;132.956;-299.033;1
0;1102;-1062.02;569.286;-827.713;1-419.86;515.106;-340.388;1
1;1102;1085.97;-256.424;-816.809;1611.412;132.926;-299.676;1
0;1103;-1062.02;569.286;-827.713;1-419.86;515.106;-340.388;1
1;1103;1085.97;-256.424;-816.809;1612.943;132.986;-298.391;1
0;1104;-1062.02;569.286;-827.713;1-419.86;515.106;-340.388;1
1;1104;1085.97;-256.424;-816.809;1611.412;132.926;-299.676;1
0;1105;-1062.02;569.286;-827.713;1-419.86;515.106;-340.388;1
0;1106;-1062.02;569.286;-827.713;1-419.86;515.106;-340.388;1
1;1106;1085.97;-256.424;-816.809;1612.399;133.882;-299.341;1
0;1107;-1062.02;569.286;-827.713;1-419.86;515.106;-340.388;1
0;1108;-1062.02;569.286;-827.713;1-419.86;515.106;-340.388;1
0;1109;-1062.02;569.286;-827.713;1-419.86;515.106;-340.388;1
1;1109;1085.97;-256.424;-816.809;1612.943;132.986;-298.391;1
0;1110;-1062.02;569.286;-827.713;1-419.86;515.106;-340.388;1
1;1110;1085.97;-256.424;-816.809;1612.177;132.956;-299.033;1
0;1111;-1062.02;569.286;-827.713;1-419.86;515.106;-340.388;1
1;1111;1085.97;-256.424;-816.809;1612.943;132.986;-298.391;1
0;1112;-1062.02;569.286;-827.713;1-419.23;515.099;-341.165;1
1;1112;1085.97;-256.424;-816.809;1612.177;132.956;-299.033;1
0;1113;-1062.02;569.286;-827.713;1-419.86;515.106;-340.388;1
1;1113;1085.97;-256.424;-816.809;1611.412;132.926;-299.676;1
0;1114;-1062.02;569.286;-827.713;1-419.86;515.106;-340.388;1
1;1114;1085.97;-256.424;-816.809;1612.943;132.986;-298.391;1
0;1116;-1062.02;569.286;-827.713;1-419.86;515.106;-340.388;1
1;1116;1085.97;-256.424;-816.809;1610.425;131.97;-300.01;1
0;1117;-1062.02;569.286;-827.713;1-419.86;515.106;-340.388;1
1;1117;1085.97;-256.424;-816.809;1612.177;132.956;-299.033;1
0;1118;-1062.02;569.286;-827.713;1-419.86;515.106;-340.388;1
1;1118;1085.97;-256.424;-816.809;1612.943;132.986;-298.391;1
0;1119;-1062.02;569.286;-827.713;1-419.86;515.106;-340.388;1
0;1120;-1062.02;569.286;-827.713;1-419.86;515.106;-340.388;1
1;1120;1085.97;-256.424;-816.809;1612.943;132.986;-298.391;1
0;1121;-1062.02;569.286;-827.713;1-419.86;515.106;-340.388;1
1;1121;1085.97;-256.424;-816.809;1612.177;132.956;-299.033;1
0;1122;-1062.02;569.286;-827.713;1-419.86;515.106;-340.388;1
1;1122;1085.97;-256.424;-816.809;1612.177;132.956;-299.033;1
0;1123;-1062.02;569.286;-827.713;1-419.86;515.106;-340.388;1
0;1124;-1062.02;569.286;-827.713;1-419.86;515.106;-340.388;1
1;1124;1085.97;-256.424;-816.809;1612.943;132.986;-298.391;1
0;1125;-1062.02;569.286;-827.713;1-419.86;515.106;-340.388;1
1;1125;1085.97;-256.424;-816.809;1612.399;133.882;-299.341;1
0;1126;-1062.02;569.286;-827.713;1-419.86;515.106;-340.388;1
0;1127;-1062.02;569.286;-827.713;1-419.86;515.106;-340.388;1
1;1127;1085.97;-256.424;-816.809;1612.177;132.956;-299.033;1
0;1128;-1062.02;569.286;-827.713;1-419.86;515.106;-340.388;1
1;1128;1085.97;-256.424;-816.809;1612.399;133.882;-299.341;1
0;1129;-1062.02;569.286;-827.713;1-419.86;515.106;-340.388;1
1;1129;1085.97;-256.424;-816.809;1612.943;132.986;-298.391;1
0;1130;-1062.02;569.286;-827.713;1-419.86;515.106;-340.388;1
1;1130;1085.97;-256.424;-816.809;1612.943;132.986;-298.391;1
0;1131;-1062.02;569.286;-827.713;1-419.86;515.106;-340.388;1
1;1131;1085.97;-256.424;-816.809;1612.177;132.956;-299.033;1
0;1132;-1062.02;569.286;-827.713;1-419.86;515.106;-340.388;1
0;1133;-1062.02;569.286;-827.713;1-419.86;515.106;-340.388;1
0;1134;-1062.02;569.286;-827.713;1-419.86;515.106;-340.388;1
1;1134;1085.97;-256.424;-816.809;1613.164;133.912;-298.698;1
0;1135;-1062.02;569.286;-827.713;1-419.86;515.106;-340.388;1
0;1136;-1062.02;569.286;-827.713;1-419.86;515.106;-340.388;1
1;1136;1085.97;-256.424;-816.809;1612.399;133.882;-299.341;1
0;1137;-1062.02;569.286;-827.713;1-419.86;515.106;-340.388;1
1;1137;1085.97;-256.424;-816.809;1613.709;133.017;-297.749;1
0;1138;-1062.02;569.286;-827.713;1-419.86;515.106;-340.388;1
1;1138;1085.97;-256.424;-816.809;1609.659;131.939;-300.653;1
0;1139;-1062.02;569.286;-827.713;1-419.86;515.106;-340.388;1
1;1139;1085.97;-256.424;-816.809;1612.177;132.956;-299.033;1
0;1140;-1062.02;569.286;-827.713;1-419.86;515.106;-340.388;1
0;1141;-1062.02;569.286;-827.713;1-419.86;515.106;-340.388;1
1;1141;1085.97;-256.424;-816.809;1613.164;133.912;-298.698;1
1;1142;1085.97;-256.424;-816.809;1612.177;132.956;-299.033;1
0;1143;-1062.02;569.286;-827.713;1-419.86;515.106;-340.388;1
1;1143;1085.97;-256.424;-816.809;1613.164;133.912;-298.698;1
0;1144;-1062.02;569.286;-827.713;1-419.86;515.106;-340.388;1
0;1145;-1062.02;569.286;-827.713;1-419.86;515.106;-340.388;1
1;1145;1085.97;-256.424;-816.809;1613.164;133.912;-298.698;1
0;1146;-1062.02;569.286;-827.713;1-419.86;515.106;-340.388;1
1;1146;1085.97;-256.424;-816.809;1612.177;132.956;-299.033;1
0;1147;-1062.02;569.286;-827.713;1-419.86;515.106;-340.388;1
1;1147;1085.97;-256.424;-816.809;1612.943;132.986;-298.391;1
0;1148;-1062.02;569.286;-827.713;1-419.86;515.106;-340.388;1
1;1148;1085.97;-256.424;-816.809;1612.399;133.882;-299.341;1
0;1149;-1062.02;569.286;-827.713;1-419.86;515.106;-340.388;1
0;1150;-1062.02;569.286;-827.713;1-419.86;515.106;-340.388;1
1;1151;1085.97;-256.424;-816.809;1612.399;133.882;-299.341;1
0;1152;-1062.02;569.286;-827.713;1-419.86;515.106;-340.388;1
1;1152;1085.97;-256.424;-816.809;1612.399;133.882;-299.341;1
0;1153;-1062.02;569.286;-827.713;1-419.86;515.106;-340.388;1
1;1153;1085.97;-256.424;-816.809;1612.399;133.882;-299.341;1
0;1154;-1062.02;569.286;-827.713;1-419.86;515.106;-340.388;1
1;1154;1085.97;-256.424;-816.809;1612.943;132.986;-298.391;1
0;1155;-1062.02;569.286;-827.713;1-419.86;515.106;-340.388;1
1;1155;1085.97;-256.424;-816.809;1612.177;132.956;-299.033;1
1;1156;1085.97;-256.424;-816.809;1613.164;133.912;-298.698;1
1;1157;1085.97;-256.424;-816.809;1613.164;133.912;-298.698;1
0;1158;-1062.02;569.286;-827.713;1-419.86;515.106;-340.388;1
1;1158;1085.97;-256.424;-816.809;1612.177;132.956;-299.033;1
0;1159;-1062.02;569.286;-827.713;1-421.12;515.12;-338.835;1
1;1159;1085.97;-256.424;-816.809;1611.412;132.926;-299.676;1
0;1160;-1062.02;569.286;-827.713;1-421.75;515.127;-338.059;1
1;1160;1085.97;-256.424;-816.809;1608.672;130.983;-300.988;1
0;1161;-1062.02;569.286;-827.713;1-423.822;514.175;-335.868;1
1;1161;1085.97;-256.424;-816.809;1606.919;129.997;-301.965;1
0;1162;-1062.02;569.286;-827.713;1-425.082;514.189;-334.315;1
1;1162;1085.97;-256.424;-816.809;1602.647;127.994;-304.561;1
0;1163;-1062.02;569.286;-827.713;1-427.602;514.217;-331.209;1
1;1163;1085.97;-256.424;-816.809;1600.129;126.978;-306.181;1
0;1164;-1062.02;569.286;-827.713;1-429.045;513.258;-329.795;1
1;1164;1085.97;-256.424;-816.809;1596.623;125.005;-308.135;1
0;1165;-1062.02;569.286;-827.713;1-431.565;513.286;-326.689;1
1;1165;1085.97;-256.424;-816.809;1594.104;123.988;-309.754;1
0;1166;-1062.02;569.286;-827.713;1-432.195;513.293;-325.912;1
1;1166;1085.97;-256.424;-816.809;1588.301;121.925;-313.635;1
0;1167;-1062.02;569.286;-827.713;1-436.788;512.369;-320.616;1
1;1167;1085.97;-256.424;-816.809;1585.561;119.983;-314.947;1
0;1168;-1062.02;569.286;-827.713;1-439.125;513.37;-317.37;1
1;1168;1085.97;-256.424;-816.809;1579.758;117.919;-318.828;1
0;1169;-1062.02;569.286;-827.713;1-443.088;512.439;-312.85;1
1;1169;1085.97;-256.424;-816.809;1578.005;116.933;-319.806;1
0;1170;-1062.02;569.286;-827.713;1-446.42;511.5;-309.107;1
1;1170;1085.97;-256.424;-816.809;1572.202;114.869;-323.687;1
0;1171;-1062.02;569.286;-827.713;1-449.388;512.509;-305.085;1
0;1172;-1062.02;569.286;-827.713;1-453.798;512.558;-299.649;1
0;1173;-1062.02;569.286;-827.713;1-457.76;511.627;-295.129;1
0;1174;-1062.02;569.286;-827.713;1-460.28;511.655;-292.022;1
0;1175;-1062.02;569.286;-827.713;1-464.06;511.697;-287.363;1
0;1176;-1062.02;569.286;-827.713;1-468.023;510.766;-282.843;1
0;1177;-1062.02;569.286;-827.713;1-471.803;510.808;-278.184;1
0;1178;-1062.02;569.286;-827.713;1-475.766;509.877;-273.664;1
0;1179;-1062.02;569.286;-827.713;1-479.993;510.899;-268.088;1
0;1180;-1062.02;569.286;-827.713;1-484.586;509.975;-262.792;1
0;1181;-1062.02;569.286;-827.713;1-487.106;510.003;-259.686;1
0;1182;-1062.02;569.286;-827.713;1-490.438;509.065;-255.942;1
0;1183;-1062.02;569.286;-827.713;1-492.958;509.093;-252.836;1
